[*********************100%***********************]  1 of 1 completed
Successfully downloaded data for ticker: SPY
Daily returns stored in `data.ret_ser`:
--------------------------------------------------
date
2007-01-03   -0.001766
2007-01-04    0.002122
2007-01-05   -0.007976
2007-01-08    0.004625
2007-01-09   -0.000850
                ...   
2024-12-16    0.004270
2024-12-17   -0.004120
2024-12-18   -0.029803
2024-12-19   -0.000307
2024-12-20    0.012011
Name: SPY, Length: 4524, dtype: float64
--------------------------------------------------
Features stored in `data.X`:
--------------------------------------------------
               ret_2  DD-log_2  sortino_2  ...    ret_60  DD-log_60  sortino_60
date                                       ...                                 
2007-01-03 -0.000970 -5.886082  -0.349112  ...  0.000743  -5.638585    0.208956
2007-01-04 -0.000064 -6.059369  -0.027442  ...  0.000759  -5.644361    0.214644
2007-01-05 -0.002382 -5.351163  -0.502155  ...  0.000659  -5.621439    0.182058
2007-01-08 -0.000329 -5.524450  -0.082592  ...  0.000705  -5.627215    0.195771
2007-01-09 -0.000482 -5.688424  -0.142328  ...  0.000687  -5.632667    0.191854
...              ...       ...        ...  ...       ...        ...         ...
2024-12-16  0.000986 -5.999683   0.397785  ...  0.001100  -5.279713    0.216023
2024-12-17 -0.000509 -5.791714  -0.166836  ...  0.001040  -5.281703    0.204659
2024-12-18 -0.009089 -4.114597  -0.556520  ...  0.000686  -5.119477    0.114760
2024-12-19 -0.006517 -4.287811  -0.474490  ...  0.000675  -5.125238    0.113504
2024-12-20 -0.001090 -4.461098  -0.094404  ...  0.000805  -5.131014    0.136191

[4524 rows x 12 columns]
Training starts at: 2007-01-03 and ends at: 2022-12-30
Testing starts at: 2023-01-03 and ends at: 2024-12-20
SJM Feature Weights:
--------------------------------------------------
ret_2         0.191000
DD-log_2      0.576925
sortino_2     0.265755
ret_5         0.320593
DD-log_5      0.636380
sortino_5     0.394220
ret_20        0.533092
DD-log_20     0.600292
sortino_20    0.593941
ret_60        0.602568
DD-log_60     0.459907
sortino_60    0.644501
dtype: float64
Email sent successfully!
[*********************100%***********************]  1 of 1 completed
Successfully downloaded data for ticker: SPY
Daily returns stored in `data.ret_ser`:
--------------------------------------------------
date
2007-01-03   -0.001765
2007-01-04    0.002122
2007-01-05   -0.007977
2007-01-08    0.004626
2007-01-09   -0.000850
                ...   
2024-12-16    0.004270
2024-12-17   -0.004120
2024-12-18   -0.029803
2024-12-19   -0.000307
2024-12-20    0.012011
Name: SPY, Length: 4524, dtype: float64
--------------------------------------------------
Features stored in `data.X`:
--------------------------------------------------
               ret_2  DD-log_2  sortino_2  ...    ret_60  DD-log_60  sortino_60
date                                       ...                                 
2007-01-03 -0.000970 -5.886120  -0.349109  ...  0.000743  -5.638588    0.208957
2007-01-04 -0.000064 -6.059407  -0.027449  ...  0.000759  -5.644364    0.214645
2007-01-05 -0.002382 -5.351115  -0.502165  ...  0.000659  -5.621438    0.182056
2007-01-08 -0.000329 -5.524402  -0.082567  ...  0.000705  -5.627214    0.195772
2007-01-09 -0.000482 -5.688368  -0.142335  ...  0.000687  -5.632666    0.191853
...              ...       ...        ...  ...       ...        ...         ...
2024-12-16  0.000986 -5.999683   0.397785  ...  0.001100  -5.279713    0.216023
2024-12-17 -0.000509 -5.791714  -0.166836  ...  0.001040  -5.281702    0.204659
2024-12-18 -0.009089 -4.114597  -0.556520  ...  0.000686  -5.119477    0.114760
2024-12-19 -0.006517 -4.287811  -0.474490  ...  0.000675  -5.125238    0.113504
2024-12-20 -0.001090 -4.461098  -0.094404  ...  0.000805  -5.131014    0.136191

[4524 rows x 12 columns]
Training starts at: 2007-01-03 and ends at: 2022-12-30
Testing starts at: 2023-01-03 and ends at: 2024-12-20
SJM Feature Weights:
--------------------------------------------------
ret_2         0.191000
DD-log_2      0.576926
sortino_2     0.265754
ret_5         0.320593
DD-log_5      0.636380
sortino_5     0.394220
ret_20        0.533092
DD-log_20     0.600292
sortino_20    0.593941
ret_60        0.602568
DD-log_60     0.459907
sortino_60    0.644501
dtype: float64
Email sent successfully!
[*********************100%***********************]  1 of 1 completed
Successfully downloaded data for ticker: SPY
Daily returns stored in `data.ret_ser`:
--------------------------------------------------
date
2007-01-03   -0.001766
2007-01-04    0.002123
2007-01-05   -0.007976
2007-01-08    0.004625
2007-01-09   -0.000850
                ...   
2024-12-17   -0.004120
2024-12-18   -0.029803
2024-12-19   -0.000307
2024-12-20    0.012011
2024-12-23    0.000687
Name: SPY, Length: 4525, dtype: float64
--------------------------------------------------
Features stored in `data.X`:
--------------------------------------------------
               ret_2  DD-log_2  sortino_2  ...    ret_60  DD-log_60  sortino_60
date                                       ...                                 
2007-01-03 -0.000970 -5.886055  -0.349111  ...  0.000743  -5.638586    0.208956
2007-01-04 -0.000064 -6.059341  -0.027420  ...  0.000759  -5.644362    0.214644
2007-01-05 -0.002382 -5.351151  -0.502146  ...  0.000659  -5.621439    0.182058
2007-01-08 -0.000329 -5.524438  -0.082612  ...  0.000704  -5.627215    0.195770
2007-01-09 -0.000482 -5.688413  -0.142337  ...  0.000687  -5.632668    0.191853
...              ...       ...        ...  ...       ...        ...         ...
2024-12-17 -0.000509 -5.791714  -0.166836  ...  0.001040  -5.281702    0.204659
2024-12-18 -0.009089 -4.114597  -0.556520  ...  0.000686  -5.119476    0.114760
2024-12-19 -0.006517 -4.287811  -0.474490  ...  0.000675  -5.125237    0.113504
2024-12-20 -0.001090 -4.461098  -0.094404  ...  0.000805  -5.131014    0.136191
2024-12-23 -0.000570 -4.634384  -0.058659  ...  0.000804  -5.136790    0.136750

[4525 rows x 12 columns]
Training starts at: 2007-01-03 and ends at: 2022-12-30
Testing starts at: 2023-01-03 and ends at: 2024-12-23
SJM Feature Weights:
--------------------------------------------------
ret_2         0.191000
DD-log_2      0.576926
sortino_2     0.265755
ret_5         0.320593
DD-log_5      0.636381
sortino_5     0.394220
ret_20        0.533092
DD-log_20     0.600292
sortino_20    0.593941
ret_60        0.602568
DD-log_60     0.459906
sortino_60    0.644501
dtype: float64
Email sent successfully!
[*********************100%***********************]  1 of 1 completed
Successfully downloaded data for ticker: SPY
Daily returns stored in `data.ret_ser`:
--------------------------------------------------
date
2007-01-03   -0.001765
2007-01-04    0.002123
2007-01-05   -0.007977
2007-01-08    0.004625
2007-01-09   -0.000849
                ...   
2024-12-18   -0.029803
2024-12-19   -0.000307
2024-12-20    0.012011
2024-12-23    0.005988
2024-12-24    0.002472
Name: SPY, Length: 4526, dtype: float64
--------------------------------------------------
Features stored in `data.X`:
--------------------------------------------------
               ret_2  DD-log_2  sortino_2  ...    ret_60  DD-log_60  sortino_60
date                                       ...                                 
2007-01-03 -0.000970 -5.886099  -0.349118  ...  0.000743  -5.638585    0.208956
2007-01-04 -0.000064 -6.059386  -0.027423  ...  0.000759  -5.644361    0.214644
2007-01-05 -0.002382 -5.351127  -0.502153  ...  0.000659  -5.621435    0.182056
2007-01-08 -0.000329 -5.524414  -0.082592  ...  0.000704  -5.627212    0.195770
2007-01-09 -0.000482 -5.688393  -0.142306  ...  0.000687  -5.632664    0.191854
...              ...       ...        ...  ...       ...        ...         ...
2024-12-18 -0.009089 -4.114597  -0.556520  ...  0.000686  -5.119477    0.114760
2024-12-19 -0.006517 -4.287811  -0.474490  ...  0.000675  -5.125238    0.113504
2024-12-20 -0.001090 -4.461098  -0.094404  ...  0.000805  -5.131014    0.136191
2024-12-23  0.000983 -4.634384   0.101208  ...  0.000865  -5.136790    0.147111
2024-12-24  0.001419 -4.807671   0.173755  ...  0.000883  -5.142566    0.151123

[4526 rows x 12 columns]
Training starts at: 2007-01-03 and ends at: 2022-12-30
Testing starts at: 2023-01-03 and ends at: 2024-12-24
SJM Feature Weights:
--------------------------------------------------
ret_2         0.190999
DD-log_2      0.576926
sortino_2     0.265754
ret_5         0.320593
DD-log_5      0.636381
sortino_5     0.394220
ret_20        0.533092
DD-log_20     0.600292
sortino_20    0.593941
ret_60        0.602568
DD-log_60     0.459907
sortino_60    0.644501
dtype: float64
Email sent successfully!
[*********************100%***********************]  1 of 1 completed
Successfully downloaded data for ticker: SPY
Daily returns stored in `data.ret_ser`:
--------------------------------------------------
date
2007-01-03   -0.001765
2007-01-04    0.002122
2007-01-05   -0.007976
2007-01-08    0.004625
2007-01-09   -0.000849
                ...   
2024-12-18   -0.029803
2024-12-19   -0.000307
2024-12-20    0.012011
2024-12-23    0.005988
2024-12-24    0.011115
Name: SPY, Length: 4526, dtype: float64
--------------------------------------------------
Features stored in `data.X`:
--------------------------------------------------
               ret_2  DD-log_2  sortino_2  ...    ret_60  DD-log_60  sortino_60
date                                       ...                                 
2007-01-03 -0.000970 -5.886087  -0.349110  ...  0.000743  -5.638593    0.208958
2007-01-04 -0.000064 -6.059374  -0.027496  ...  0.000759  -5.644369    0.214644
2007-01-05 -0.002382 -5.351195  -0.502171  ...  0.000659  -5.621448    0.182059
2007-01-08 -0.000329 -5.524482  -0.082618  ...  0.000704  -5.627224    0.195772
2007-01-09 -0.000482 -5.688460  -0.142332  ...  0.000687  -5.632677    0.191855
...              ...       ...        ...  ...       ...        ...         ...
2024-12-18 -0.009089 -4.114597  -0.556520  ...  0.000686  -5.119477    0.114760
2024-12-19 -0.006517 -4.287811  -0.474490  ...  0.000675  -5.125238    0.113504
2024-12-20 -0.001090 -4.461098  -0.094404  ...  0.000805  -5.131014    0.136191
2024-12-23  0.000983 -4.634384   0.101208  ...  0.000865  -5.136790    0.147111
2024-12-24  0.003951 -4.807671   0.483731  ...  0.000982  -5.142566    0.168114

[4526 rows x 12 columns]
Training starts at: 2007-01-03 and ends at: 2022-12-30
Testing starts at: 2023-01-03 and ends at: 2024-12-24
SJM Feature Weights:
--------------------------------------------------
ret_2         0.191000
DD-log_2      0.576927
sortino_2     0.265755
ret_5         0.320593
DD-log_5      0.636381
sortino_5     0.394220
ret_20        0.533092
DD-log_20     0.600292
sortino_20    0.593940
ret_60        0.602568
DD-log_60     0.459907
sortino_60    0.644501
dtype: float64
Email sent successfully!
[*********************100%***********************]  1 of 1 completed
Successfully downloaded data for ticker: SPY
Daily returns stored in `data.ret_ser`:
--------------------------------------------------
date
2007-01-03   -0.001766
2007-01-04    0.002123
2007-01-05   -0.007977
2007-01-08    0.004625
2007-01-09   -0.000850
                ...   
2024-12-19   -0.000307
2024-12-20    0.012011
2024-12-23    0.005988
2024-12-24    0.011115
2024-12-26   -0.002594
Name: SPY, Length: 4527, dtype: float64
--------------------------------------------------
Features stored in `data.X`:
--------------------------------------------------
               ret_2  DD-log_2  sortino_2  ...    ret_60  DD-log_60  sortino_60
date                                       ...                                 
2007-01-03 -0.000970 -5.886090  -0.349121  ...  0.000743  -5.638581    0.208955
2007-01-04 -0.000064 -6.059377  -0.027410  ...  0.000759  -5.644358    0.214644
2007-01-05 -0.002382 -5.351133  -0.502147  ...  0.000659  -5.621433    0.182057
2007-01-08 -0.000329 -5.524420  -0.082568  ...  0.000705  -5.627209    0.195771
2007-01-09 -0.000482 -5.688389  -0.142324  ...  0.000687  -5.632661    0.191853
...              ...       ...        ...  ...       ...        ...         ...
2024-12-19 -0.006517 -4.287811  -0.474490  ...  0.000675  -5.125237    0.113504
2024-12-20 -0.001090 -4.461098  -0.094404  ...  0.000805  -5.131014    0.136191
2024-12-23  0.000983 -4.634384   0.101208  ...  0.000865  -5.136790    0.147111
2024-12-24  0.003951 -4.807671   0.483731  ...  0.000982  -5.142566    0.168114
2024-12-26  0.002034 -4.960483   0.290118  ...  0.000941  -5.147198    0.161831

[4527 rows x 12 columns]
Training starts at: 2007-01-03 and ends at: 2022-12-30
Testing starts at: 2023-01-03 and ends at: 2024-12-26
SJM Feature Weights:
--------------------------------------------------
ret_2         0.191000
DD-log_2      0.576926
sortino_2     0.265754
ret_5         0.320593
DD-log_5      0.636381
sortino_5     0.394220
ret_20        0.533092
DD-log_20     0.600292
sortino_20    0.593941
ret_60        0.602568
DD-log_60     0.459906
sortino_60    0.644501
dtype: float64
Email sent successfully!
[*********************100%***********************]  1 of 1 completed
Successfully downloaded data for ticker: SPY
Daily returns stored in `data.ret_ser`:
--------------------------------------------------
date
2007-01-03   -0.001766
2007-01-04    0.002123
2007-01-05   -0.007977
2007-01-08    0.004625
2007-01-09   -0.000850
                ...   
2024-12-20    0.012011
2024-12-23    0.005988
2024-12-24    0.011115
2024-12-26    0.000067
2024-12-27   -0.006569
Name: SPY, Length: 4528, dtype: float64
--------------------------------------------------
Features stored in `data.X`:
--------------------------------------------------
               ret_2  DD-log_2  sortino_2  ...    ret_60  DD-log_60  sortino_60
date                                       ...                                 
2007-01-03 -0.000970 -5.886032  -0.349134  ...  0.000743  -5.638584    0.208955
2007-01-04 -0.000064 -6.059318  -0.027416  ...  0.000759  -5.644360    0.214644
2007-01-05 -0.002382 -5.351123  -0.502145  ...  0.000659  -5.621436    0.182057
2007-01-08 -0.000329 -5.524410  -0.082564  ...  0.000705  -5.627212    0.195772
2007-01-09 -0.000482 -5.688366  -0.142371  ...  0.000687  -5.632664    0.191852
...              ...       ...        ...  ...       ...        ...         ...
2024-12-20 -0.001090 -4.461098  -0.094404  ...  0.000805  -5.131014    0.136191
2024-12-23  0.000983 -4.634384   0.101208  ...  0.000865  -5.136790    0.147111
2024-12-24  0.003951 -4.807671   0.483731  ...  0.000982  -5.142567    0.168114
2024-12-26  0.002813 -4.980958   0.409607  ...  0.000972  -5.148343    0.167278
2024-12-27  0.000065 -4.993582   0.009607  ...  0.000885  -5.146745    0.152125

[4528 rows x 12 columns]
Training starts at: 2007-01-03 and ends at: 2022-12-30
Testing starts at: 2023-01-03 and ends at: 2024-12-27
SJM Feature Weights:
--------------------------------------------------
ret_2         0.191000
DD-log_2      0.576926
sortino_2     0.265755
ret_5         0.320593
DD-log_5      0.636380
sortino_5     0.394220
ret_20        0.533092
DD-log_20     0.600292
sortino_20    0.593941
ret_60        0.602568
DD-log_60     0.459907
sortino_60    0.644501
dtype: float64
Email sent successfully!
[*********************100%***********************]  1 of 1 completed
Successfully downloaded data for ticker: SPY
Daily returns stored in `data.ret_ser`:
--------------------------------------------------
date
2007-01-03   -0.001765
2007-01-04    0.002122
2007-01-05   -0.007976
2007-01-08    0.004625
2007-01-09   -0.000850
                ...   
2024-12-20    0.012011
2024-12-23    0.005988
2024-12-24    0.011115
2024-12-26    0.000067
2024-12-27   -0.010527
Name: SPY, Length: 4528, dtype: float64
--------------------------------------------------
Features stored in `data.X`:
--------------------------------------------------
               ret_2  DD-log_2  sortino_2  ...    ret_60  DD-log_60  sortino_60
date                                       ...                                 
2007-01-03 -0.000970 -5.886094  -0.349090  ...  0.000743  -5.638584    0.208957
2007-01-04 -0.000064 -6.059381  -0.027516  ...  0.000759  -5.644360    0.214642
2007-01-05 -0.002382 -5.351197  -0.502179  ...  0.000659  -5.621440    0.182058
2007-01-08 -0.000329 -5.524483  -0.082573  ...  0.000705  -5.627216    0.195772
2007-01-09 -0.000482 -5.688453  -0.142327  ...  0.000687  -5.632668    0.191854
...              ...       ...        ...  ...       ...        ...         ...
2024-12-20 -0.001090 -4.461098  -0.094404  ...  0.000805  -5.131014    0.136191
2024-12-23  0.000983 -4.634384   0.101208  ...  0.000865  -5.136790    0.147111
2024-12-24  0.003951 -4.807671   0.483731  ...  0.000982  -5.142566    0.168114
2024-12-26  0.002813 -4.980958   0.409607  ...  0.000972  -5.148342    0.167278
2024-12-27 -0.001094 -4.814418  -0.134872  ...  0.000840  -5.135396    0.142683

[4528 rows x 12 columns]
Training starts at: 2007-01-03 and ends at: 2022-12-30
Testing starts at: 2023-01-03 and ends at: 2024-12-27
SJM Feature Weights:
--------------------------------------------------
ret_2         0.191000
DD-log_2      0.576926
sortino_2     0.265755
ret_5         0.320593
DD-log_5      0.636381
sortino_5     0.394220
ret_20        0.533092
DD-log_20     0.600292
sortino_20    0.593941
ret_60        0.602568
DD-log_60     0.459907
sortino_60    0.644501
dtype: float64
Email sent successfully!
[*********************100%***********************]  1 of 1 completed
Successfully downloaded data for ticker: SPY
Daily returns stored in `data.ret_ser`:
--------------------------------------------------
date
2007-01-03   -0.001765
2007-01-04    0.002122
2007-01-05   -0.007977
2007-01-08    0.004625
2007-01-09   -0.000849
                ...   
2024-12-20    0.012011
2024-12-23    0.005988
2024-12-24    0.011115
2024-12-26    0.000067
2024-12-27   -0.010527
Name: SPY, Length: 4528, dtype: float64
--------------------------------------------------
Features stored in `data.X`:
--------------------------------------------------
               ret_2  DD-log_2  sortino_2  ...    ret_60  DD-log_60  sortino_60
date                                       ...                                 
2007-01-03 -0.000970 -5.886100  -0.349076  ...  0.000743  -5.638584    0.208957
2007-01-04 -0.000064 -6.059386  -0.027484  ...  0.000759  -5.644360    0.214643
2007-01-05 -0.002382 -5.351135  -0.502174  ...  0.000659  -5.621436    0.182056
2007-01-08 -0.000329 -5.524422  -0.082595  ...  0.000704  -5.627212    0.195770
2007-01-09 -0.000482 -5.688404  -0.142297  ...  0.000687  -5.632665    0.191854
...              ...       ...        ...  ...       ...        ...         ...
2024-12-20 -0.001090 -4.461098  -0.094404  ...  0.000805  -5.131014    0.136191
2024-12-23  0.000983 -4.634384   0.101208  ...  0.000865  -5.136790    0.147111
2024-12-24  0.003951 -4.807671   0.483731  ...  0.000982  -5.142566    0.168114
2024-12-26  0.002813 -4.980958   0.409607  ...  0.000972  -5.148343    0.167278
2024-12-27 -0.001094 -4.814418  -0.134872  ...  0.000840  -5.135396    0.142683

[4528 rows x 12 columns]
Training starts at: 2007-01-03 and ends at: 2022-12-30
Testing starts at: 2023-01-03 and ends at: 2024-12-27
SJM Feature Weights:
--------------------------------------------------
ret_2         0.190999
DD-log_2      0.576926
sortino_2     0.265755
ret_5         0.320593
DD-log_5      0.636380
sortino_5     0.394220
ret_20        0.533092
DD-log_20     0.600292
sortino_20    0.593941
ret_60        0.602568
DD-log_60     0.459906
sortino_60    0.644501
dtype: float64
Email sent successfully!
[*********************100%***********************]  1 of 1 completed
Successfully downloaded data for ticker: SPY
Daily returns stored in `data.ret_ser`:
--------------------------------------------------
date
2007-01-03   -0.001765
2007-01-04    0.002122
2007-01-05   -0.007976
2007-01-08    0.004625
2007-01-09   -0.000850
                ...   
2024-12-23    0.005988
2024-12-24    0.011115
2024-12-26    0.000067
2024-12-27   -0.010527
2024-12-30   -0.016235
Name: SPY, Length: 4529, dtype: float64
--------------------------------------------------
Features stored in `data.X`:
--------------------------------------------------
               ret_2  DD-log_2  sortino_2  ...    ret_60  DD-log_60  sortino_60
date                                       ...                                 
2007-01-03 -0.000970 -5.886080  -0.349101  ...  0.000743  -5.638582    0.208956
2007-01-04 -0.000064 -6.059367  -0.027481  ...  0.000759  -5.644358    0.214642
2007-01-05 -0.002382 -5.351186  -0.502166  ...  0.000659  -5.621437    0.182057
2007-01-08 -0.000329 -5.524473  -0.082583  ...  0.000705  -5.627213    0.195771
2007-01-09 -0.000482 -5.688440  -0.142347  ...  0.000687  -5.632665    0.191853
...              ...       ...        ...  ...       ...        ...         ...
2024-12-23  0.000983 -4.634384   0.101208  ...  0.000865  -5.136790    0.147111
2024-12-24  0.003951 -4.807671   0.483731  ...  0.000982  -5.142567    0.168114
2024-12-26  0.002813 -4.980958   0.409607  ...  0.000972  -5.148343    0.167278
2024-12-27 -0.001094 -4.814418  -0.134872  ...  0.000840  -5.135397    0.142683
2024-12-30 -0.005529 -4.498691  -0.497042  ...  0.000644  -5.098799    0.105426

[4529 rows x 12 columns]
Training starts at: 2007-01-03 and ends at: 2022-12-30
Testing starts at: 2023-01-03 and ends at: 2024-12-30
SJM Feature Weights:
--------------------------------------------------
ret_2         0.190999
DD-log_2      0.576927
sortino_2     0.265754
ret_5         0.320593
DD-log_5      0.636381
sortino_5     0.394220
ret_20        0.533092
DD-log_20     0.600291
sortino_20    0.593941
ret_60        0.602568
DD-log_60     0.459906
sortino_60    0.644501
dtype: float64
Email sent successfully!
[*********************100%***********************]  1 of 1 completed
Successfully downloaded data for ticker: SPY
Daily returns stored in `data.ret_ser`:
--------------------------------------------------
date
2007-01-03   -0.001765
2007-01-04    0.002122
2007-01-05   -0.007976
2007-01-08    0.004625
2007-01-09   -0.000850
                ...   
2024-12-24    0.011115
2024-12-26    0.000067
2024-12-27   -0.010527
2024-12-30   -0.011412
2024-12-31    0.002227
Name: SPY, Length: 4530, dtype: float64
--------------------------------------------------
Features stored in `data.X`:
--------------------------------------------------
               ret_2  DD-log_2  sortino_2  ...    ret_60  DD-log_60  sortino_60
date                                       ...                                 
2007-01-03 -0.000970 -5.886095  -0.349078  ...  0.000743  -5.638586    0.208957
2007-01-04 -0.000064 -6.059382  -0.027477  ...  0.000759  -5.644363    0.214644
2007-01-05 -0.002382 -5.351173  -0.502167  ...  0.000659  -5.621440    0.182058
2007-01-08 -0.000329 -5.524460  -0.082599  ...  0.000704  -5.627217    0.195771
2007-01-09 -0.000482 -5.688435  -0.142328  ...  0.000687  -5.632669    0.191854
...              ...       ...        ...  ...       ...        ...         ...
2024-12-24  0.003951 -4.807671   0.483731  ...  0.000982  -5.142566    0.168114
2024-12-26  0.002813 -4.980958   0.409607  ...  0.000972  -5.148342    0.167278
2024-12-27 -0.001094 -4.814418  -0.134872  ...  0.000840  -5.135396    0.142683
2024-12-30 -0.004116 -4.688361  -0.447308  ...  0.000699  -5.119789    0.116932
2024-12-31 -0.002258 -4.861648  -0.291836  ...  0.000716  -5.125565    0.120563

[4530 rows x 12 columns]
Training starts at: 2007-01-03 and ends at: 2022-12-30
Testing starts at: 2023-01-03 and ends at: 2024-12-31
SJM Feature Weights:
--------------------------------------------------
ret_2         0.191000
DD-log_2      0.576926
sortino_2     0.265754
ret_5         0.320593
DD-log_5      0.636380
sortino_5     0.394220
ret_20        0.533093
DD-log_20     0.600291
sortino_20    0.593941
ret_60        0.602568
DD-log_60     0.459906
sortino_60    0.644501
dtype: float64
Email sent successfully!
[*********************100%***********************]  1 of 1 completed
Successfully downloaded data for ticker: SPY
Daily returns stored in `data.ret_ser`:
--------------------------------------------------
date
2007-01-03   -0.001766
2007-01-04    0.002122
2007-01-05   -0.007976
2007-01-08    0.004625
2007-01-09   -0.000850
                ...   
2024-12-24    0.011115
2024-12-26    0.000067
2024-12-27   -0.010527
2024-12-30   -0.011412
2024-12-31   -0.003638
Name: SPY, Length: 4530, dtype: float64
--------------------------------------------------
Features stored in `data.X`:
--------------------------------------------------
               ret_2  DD-log_2  sortino_2  ...    ret_60  DD-log_60  sortino_60
date                                       ...                                 
2007-01-03 -0.000970 -5.886115  -0.349113  ...  0.000743  -5.638587    0.208957
2007-01-04 -0.000064 -6.059401  -0.027462  ...  0.000759  -5.644363    0.214644
2007-01-05 -0.002382 -5.351153  -0.502166  ...  0.000659  -5.621439    0.182057
2007-01-08 -0.000329 -5.524440  -0.082583  ...  0.000705  -5.627216    0.195772
2007-01-09 -0.000482 -5.688414  -0.142319  ...  0.000687  -5.632668    0.191854
...              ...       ...        ...  ...       ...        ...         ...
2024-12-24  0.003951 -4.807671   0.483731  ...  0.000982  -5.142566    0.168114
2024-12-26  0.002813 -4.980958   0.409607  ...  0.000972  -5.148342    0.167278
2024-12-27 -0.001094 -4.814418  -0.134872  ...  0.000840  -5.135396    0.142683
2024-12-30 -0.004116 -4.688361  -0.447308  ...  0.000699  -5.119789    0.116932
2024-12-31 -0.003976 -4.830280  -0.497980  ...  0.000649  -5.123417    0.108993

[4530 rows x 12 columns]
Training starts at: 2007-01-03 and ends at: 2022-12-30
Testing starts at: 2023-01-03 and ends at: 2024-12-31
SJM Feature Weights:
--------------------------------------------------
ret_2         0.191000
DD-log_2      0.576926
sortino_2     0.265754
ret_5         0.320593
DD-log_5      0.636380
sortino_5     0.394220
ret_20        0.533092
DD-log_20     0.600292
sortino_20    0.593941
ret_60        0.602568
DD-log_60     0.459907
sortino_60    0.644501
dtype: float64
Email sent successfully!
[*********************100%***********************]  1 of 1 completed
Successfully downloaded data for ticker: SPY
Daily returns stored in `data.ret_ser`:
--------------------------------------------------
date
2007-01-03   -0.001765
2007-01-04    0.002122
2007-01-05   -0.007976
2007-01-08    0.004625
2007-01-09   -0.000850
                ...   
2024-12-26    0.000067
2024-12-27   -0.010527
2024-12-30   -0.011412
2024-12-31   -0.003638
2025-01-02    0.002576
Name: SPY, Length: 4531, dtype: float64
--------------------------------------------------
Features stored in `data.X`:
--------------------------------------------------
               ret_2  DD-log_2  sortino_2  ...    ret_60  DD-log_60  sortino_60
date                                       ...                                 
2007-01-03 -0.000970 -5.886110  -0.349079  ...  0.000743  -5.638581    0.208956
2007-01-04 -0.000064 -6.059397  -0.027445  ...  0.000759  -5.644357    0.214643
2007-01-05 -0.002382 -5.351152  -0.502160  ...  0.000659  -5.621433    0.182056
2007-01-08 -0.000329 -5.524439  -0.082578  ...  0.000705  -5.627209    0.195771
2007-01-09 -0.000482 -5.688406  -0.142340  ...  0.000687  -5.632662    0.191852
...              ...       ...        ...  ...       ...        ...         ...
2024-12-26  0.002813 -4.980958   0.409607  ...  0.000972  -5.148342    0.167278
2024-12-27 -0.001094 -4.814418  -0.134872  ...  0.000840  -5.135396    0.142683
2024-12-30 -0.004116 -4.688361  -0.447308  ...  0.000699  -5.119789    0.116932
2024-12-31 -0.003976 -4.830280  -0.497980  ...  0.000649  -5.123417    0.108993
2025-01-02 -0.002057 -5.003566  -0.306353  ...  0.000671  -5.129194    0.113362

[4531 rows x 12 columns]
Training starts at: 2007-01-03 and ends at: 2022-12-30
Testing starts at: 2023-01-03 and ends at: 2025-01-02
SJM Feature Weights:
--------------------------------------------------
ret_2         0.191000
DD-log_2      0.576926
sortino_2     0.265755
ret_5         0.320593
DD-log_5      0.636380
sortino_5     0.394220
ret_20        0.533093
DD-log_20     0.600291
sortino_20    0.593941
ret_60        0.602568
DD-log_60     0.459906
sortino_60    0.644501
dtype: float64
Email sent successfully!
[*********************100%***********************]  1 of 1 completed
Successfully downloaded data for ticker: SPY
Daily returns stored in `data.ret_ser`:
--------------------------------------------------
date
2007-01-03   -0.001765
2007-01-04    0.002122
2007-01-05   -0.007976
2007-01-08    0.004625
2007-01-09   -0.000850
                ...   
2024-12-27   -0.010527
2024-12-30   -0.011412
2024-12-31   -0.003638
2025-01-02   -0.002457
2025-01-03    0.005610
Name: SPY, Length: 4532, dtype: float64
--------------------------------------------------
Features stored in `data.X`:
--------------------------------------------------
               ret_2  DD-log_2  sortino_2  ...    ret_60  DD-log_60  sortino_60
date                                       ...                                 
2007-01-03 -0.000970 -5.886109  -0.349096  ...  0.000743  -5.638584    0.208956
2007-01-04 -0.000064 -6.059395  -0.027460  ...  0.000759  -5.644360    0.214643
2007-01-05 -0.002382 -5.351176  -0.502162  ...  0.000659  -5.621438    0.182058
2007-01-08 -0.000329 -5.524462  -0.082566  ...  0.000705  -5.627214    0.195772
2007-01-09 -0.000482 -5.688429  -0.142332  ...  0.000687  -5.632666    0.191854
...              ...       ...        ...  ...       ...        ...         ...
2024-12-27 -0.001094 -4.814418  -0.134872  ...  0.000840  -5.135396    0.142683
2024-12-30 -0.004116 -4.688361  -0.447308  ...  0.000699  -5.119789    0.116932
2024-12-31 -0.003976 -4.830280  -0.497980  ...  0.000649  -5.123418    0.108993
2025-01-02 -0.003531 -4.984329  -0.515914  ...  0.000613  -5.128206    0.103496
2025-01-03 -0.000854 -5.157616  -0.148325  ...  0.000671  -5.133982    0.113835

[4532 rows x 12 columns]
Training starts at: 2007-01-03 and ends at: 2022-12-30
Testing starts at: 2023-01-03 and ends at: 2025-01-03
SJM Feature Weights:
--------------------------------------------------
ret_2         0.191000
DD-log_2      0.576927
sortino_2     0.265755
ret_5         0.320593
DD-log_5      0.636380
sortino_5     0.394220
ret_20        0.533093
DD-log_20     0.600291
sortino_20    0.593940
ret_60        0.602568
DD-log_60     0.459907
sortino_60    0.644501
dtype: float64
Email sent successfully!
[*********************100%***********************]  1 of 1 completed
Successfully downloaded data for ticker: SPY
Daily returns stored in `data.ret_ser`:
--------------------------------------------------
date
2007-01-03   -0.001765
2007-01-04    0.002122
2007-01-05   -0.007976
2007-01-08    0.004625
2007-01-09   -0.000850
                ...   
2024-12-27   -0.010527
2024-12-30   -0.011412
2024-12-31   -0.003638
2025-01-02   -0.002457
2025-01-03    0.012503
Name: SPY, Length: 4532, dtype: float64
--------------------------------------------------
Features stored in `data.X`:
--------------------------------------------------
               ret_2  DD-log_2  sortino_2  ...    ret_60  DD-log_60  sortino_60
date                                       ...                                 
2007-01-03 -0.000970 -5.886123  -0.349077  ...  0.000743  -5.638591    0.208958
2007-01-04 -0.000064 -6.059409  -0.027478  ...  0.000759  -5.644367    0.214644
2007-01-05 -0.002382 -5.351186  -0.502169  ...  0.000659  -5.621445    0.182059
2007-01-08 -0.000329 -5.524473  -0.082597  ...  0.000704  -5.627221    0.195772
2007-01-09 -0.000482 -5.688444  -0.142339  ...  0.000687  -5.632674    0.191855
...              ...       ...        ...  ...       ...        ...         ...
2024-12-27 -0.001094 -4.814418  -0.134872  ...  0.000840  -5.135396    0.142683
2024-12-30 -0.004116 -4.688361  -0.447308  ...  0.000699  -5.119789    0.116932
2024-12-31 -0.003976 -4.830280  -0.497980  ...  0.000649  -5.123417    0.108993
2025-01-02 -0.003531 -4.984329  -0.515914  ...  0.000613  -5.128206    0.103496
2025-01-03  0.001165 -5.157616   0.202470  ...  0.000750  -5.133982    0.127270

[4532 rows x 12 columns]
Training starts at: 2007-01-03 and ends at: 2022-12-30
Testing starts at: 2023-01-03 and ends at: 2025-01-03
SJM Feature Weights:
--------------------------------------------------
ret_2         0.191000
DD-log_2      0.576926
sortino_2     0.265755
ret_5         0.320593
DD-log_5      0.636380
sortino_5     0.394220
ret_20        0.533093
DD-log_20     0.600292
sortino_20    0.593941
ret_60        0.602568
DD-log_60     0.459907
sortino_60    0.644501
dtype: float64
Email sent successfully!
[*********************100%***********************]  1 of 1 completed
Successfully downloaded data for ticker: SPY
Daily returns stored in `data.ret_ser`:
--------------------------------------------------
date
2007-01-03   -0.001765
2007-01-04    0.002122
2007-01-05   -0.007977
2007-01-08    0.004625
2007-01-09   -0.000850
                ...   
2024-12-27   -0.010527
2024-12-30   -0.011412
2024-12-31   -0.003638
2025-01-02   -0.002457
2025-01-03    0.012503
Name: SPY, Length: 4532, dtype: float64
--------------------------------------------------
Features stored in `data.X`:
--------------------------------------------------
               ret_2  DD-log_2  sortino_2  ...    ret_60  DD-log_60  sortino_60
date                                       ...                                 
2007-01-03 -0.000970 -5.886116  -0.349091  ...  0.000743  -5.638590    0.208958
2007-01-04 -0.000064 -6.059402  -0.027435  ...  0.000759  -5.644367    0.214645
2007-01-05 -0.002382 -5.351138  -0.502158  ...  0.000659  -5.621441    0.182058
2007-01-08 -0.000329 -5.524425  -0.082576  ...  0.000705  -5.627218    0.195773
2007-01-09 -0.000482 -5.688388  -0.142350  ...  0.000687  -5.632670    0.191854
...              ...       ...        ...  ...       ...        ...         ...
2024-12-27 -0.001094 -4.814418  -0.134872  ...  0.000840  -5.135396    0.142683
2024-12-30 -0.004116 -4.688361  -0.447308  ...  0.000699  -5.119789    0.116932
2024-12-31 -0.003976 -4.830280  -0.497980  ...  0.000649  -5.123418    0.108993
2025-01-02 -0.003531 -4.984329  -0.515914  ...  0.000613  -5.128206    0.103496
2025-01-03  0.001165 -5.157616   0.202470  ...  0.000750  -5.133982    0.127270

[4532 rows x 12 columns]
Training starts at: 2007-01-03 and ends at: 2022-12-30
Testing starts at: 2023-01-03 and ends at: 2025-01-03
SJM Feature Weights:
--------------------------------------------------
ret_2         0.191000
DD-log_2      0.576926
sortino_2     0.265755
ret_5         0.320593
DD-log_5      0.636380
sortino_5     0.394220
ret_20        0.533093
DD-log_20     0.600291
sortino_20    0.593941
ret_60        0.602568
DD-log_60     0.459906
sortino_60    0.644501
dtype: float64
Email sent successfully!
[*********************100%***********************]  1 of 1 completed
Successfully downloaded data for ticker: SPY
Daily returns stored in `data.ret_ser`:
--------------------------------------------------
date
2007-01-03   -0.001765
2007-01-04    0.002122
2007-01-05   -0.007976
2007-01-08    0.004625
2007-01-09   -0.000850
                ...   
2024-12-30   -0.011412
2024-12-31   -0.003638
2025-01-02   -0.002457
2025-01-03    0.012503
2025-01-06    0.011251
Name: SPY, Length: 4533, dtype: float64
--------------------------------------------------
Features stored in `data.X`:
--------------------------------------------------
               ret_2  DD-log_2  sortino_2  ...    ret_60  DD-log_60  sortino_60
date                                       ...                                 
2007-01-03 -0.000970 -5.886115  -0.349092  ...  0.000743  -5.638588    0.208957
2007-01-04 -0.000064 -6.059401  -0.027436  ...  0.000759  -5.644365    0.214645
2007-01-05 -0.002382 -5.351161  -0.502156  ...  0.000659  -5.621441    0.182058
2007-01-08 -0.000329 -5.524448  -0.082594  ...  0.000704  -5.627217    0.195772
2007-01-09 -0.000482 -5.688413  -0.142361  ...  0.000687  -5.632669    0.191853
...              ...       ...        ...  ...       ...        ...         ...
2024-12-30 -0.004116 -4.688361  -0.447308  ...  0.000699  -5.119789    0.116932
2024-12-31 -0.003976 -4.830280  -0.497980  ...  0.000649  -5.123418    0.108993
2025-01-02 -0.003531 -4.984329  -0.515914  ...  0.000613  -5.128206    0.103497
2025-01-03  0.001165 -5.157616   0.202470  ...  0.000750  -5.133983    0.127270
2025-01-06  0.004119 -5.330902   0.851148  ...  0.000871  -5.139759    0.148593

[4533 rows x 12 columns]
Training starts at: 2007-01-03 and ends at: 2022-12-30
Testing starts at: 2023-01-03 and ends at: 2025-01-06
SJM Feature Weights:
--------------------------------------------------
ret_2         0.190999
DD-log_2      0.576927
sortino_2     0.265754
ret_5         0.320593
DD-log_5      0.636381
sortino_5     0.394220
ret_20        0.533092
DD-log_20     0.600292
sortino_20    0.593940
ret_60        0.602568
DD-log_60     0.459906
sortino_60    0.644501
dtype: float64
Email sent successfully!
[*********************100%***********************]  1 of 1 completed
Successfully downloaded data for ticker: SPY
Daily returns stored in `data.ret_ser`:
--------------------------------------------------
date
2007-01-03   -0.001765
2007-01-04    0.002122
2007-01-05   -0.007976
2007-01-08    0.004625
2007-01-09   -0.000850
                ...   
2024-12-30   -0.011412
2024-12-31   -0.003638
2025-01-02   -0.002457
2025-01-03    0.012503
2025-01-06    0.005761
Name: SPY, Length: 4533, dtype: float64
--------------------------------------------------
Features stored in `data.X`:
--------------------------------------------------
               ret_2  DD-log_2  sortino_2  ...    ret_60  DD-log_60  sortino_60
date                                       ...                                 
2007-01-03 -0.000970 -5.886059  -0.349093  ...  0.000743  -5.638584    0.208956
2007-01-04 -0.000064 -6.059345  -0.027470  ...  0.000759  -5.644360    0.214643
2007-01-05 -0.002382 -5.351167  -0.502162  ...  0.000659  -5.621438    0.182058
2007-01-08 -0.000329 -5.524454  -0.082608  ...  0.000704  -5.627214    0.195770
2007-01-09 -0.000482 -5.688430  -0.142329  ...  0.000687  -5.632667    0.191854
...              ...       ...        ...  ...       ...        ...         ...
2024-12-30 -0.004116 -4.688361  -0.447308  ...  0.000699  -5.119789    0.116932
2024-12-31 -0.003976 -4.830280  -0.497980  ...  0.000649  -5.123418    0.108993
2025-01-02 -0.003531 -4.984329  -0.515914  ...  0.000613  -5.128206    0.103496
2025-01-03  0.001165 -5.157616   0.202470  ...  0.000750  -5.133982    0.127270
2025-01-06  0.002511 -5.330902   0.518880  ...  0.000808  -5.139758    0.137830

[4533 rows x 12 columns]
Training starts at: 2007-01-03 and ends at: 2022-12-30
Testing starts at: 2023-01-03 and ends at: 2025-01-06
SJM Feature Weights:
--------------------------------------------------
ret_2         0.191000
DD-log_2      0.576926
sortino_2     0.265755
ret_5         0.320593
DD-log_5      0.636380
sortino_5     0.394220
ret_20        0.533092
DD-log_20     0.600292
sortino_20    0.593941
ret_60        0.602568
DD-log_60     0.459907
sortino_60    0.644501
dtype: float64
Email sent successfully!
[*********************100%***********************]  1 of 1 completed
Successfully downloaded data for ticker: SPY
Daily returns stored in `data.ret_ser`:
--------------------------------------------------
date
2007-01-03   -0.001765
2007-01-04    0.002122
2007-01-05   -0.007976
2007-01-08    0.004625
2007-01-09   -0.000850
                ...   
2024-12-31   -0.003638
2025-01-02   -0.002457
2025-01-03    0.012503
2025-01-06    0.005761
2025-01-07   -0.011304
Name: SPY, Length: 4534, dtype: float64
--------------------------------------------------
Features stored in `data.X`:
--------------------------------------------------
               ret_2  DD-log_2  sortino_2  ...    ret_60  DD-log_60  sortino_60
date                                       ...                                 
2007-01-03 -0.000970 -5.886098  -0.349090  ...  0.000743  -5.638590    0.208958
2007-01-04 -0.000064 -6.059384  -0.027477  ...  0.000759  -5.644366    0.214645
2007-01-05 -0.002381 -5.351221  -0.502163  ...  0.000659  -5.621447    0.182061
2007-01-08 -0.000329 -5.524508  -0.082597  ...  0.000705  -5.627223    0.195774
2007-01-09 -0.000482 -5.688472  -0.142367  ...  0.000687  -5.632676    0.191855
...              ...       ...        ...  ...       ...        ...         ...
2024-12-31 -0.003976 -4.830280  -0.497980  ...  0.000649  -5.123417    0.108993
2025-01-02 -0.003531 -4.984329  -0.515914  ...  0.000613  -5.128206    0.103496
2025-01-03  0.001165 -5.157616   0.202470  ...  0.000750  -5.133982    0.127270
2025-01-06  0.002511 -5.330902   0.518880  ...  0.000808  -5.139758    0.137830
2025-01-07 -0.001535 -4.913368  -0.208933  ...  0.000668  -5.124364    0.112344

[4534 rows x 12 columns]
Training starts at: 2007-01-03 and ends at: 2022-12-30
Testing starts at: 2023-01-03 and ends at: 2025-01-07
SJM Feature Weights:
--------------------------------------------------
ret_2         0.191000
DD-log_2      0.576925
sortino_2     0.265755
ret_5         0.320593
DD-log_5      0.636380
sortino_5     0.394220
ret_20        0.533092
DD-log_20     0.600292
sortino_20    0.593941
ret_60        0.602568
DD-log_60     0.459907
sortino_60    0.644501
dtype: float64
Email sent successfully!
[*********************100%***********************]  1 of 1 completed
MoTTY X11 proxy: Authorisation not recognised

[36mIn case you are trying to start a graphical application with "sudo", read this article in order to avoid this issue:
[35m[4mhttps://blog.mobatek.net/post/how-to-keep-X11-display-after-su-or-sudo/[0m


Successfully downloaded data for ticker: SPY
Daily returns stored in `data.ret_ser`:
--------------------------------------------------
date
2007-01-03   -0.001765
2007-01-04    0.002122
2007-01-05   -0.007976
2007-01-08    0.004625
2007-01-09   -0.000850
                ...   
2025-01-02   -0.002457
2025-01-03    0.012503
2025-01-06    0.005761
2025-01-07   -0.011304
2025-01-08    0.001461
Name: SPY, Length: 4535, dtype: float64
--------------------------------------------------
Features stored in `data.X`:
--------------------------------------------------
               ret_2  DD-log_2  sortino_2  ...    ret_60  DD-log_60  sortino_60
date                                       ...                                 
2007-01-03 -0.000970 -5.886068  -0.349097  ...  0.000743  -5.638591    0.208957
2007-01-04 -0.000064 -6.059355  -0.027433  ...  0.000759  -5.644367    0.214645
2007-01-05 -0.002382 -5.351153  -0.502152  ...  0.000659  -5.621444    0.182059
2007-01-08 -0.000329 -5.524440  -0.082604  ...  0.000704  -5.627220    0.195772
2007-01-09 -0.000482 -5.688410  -0.142350  ...  0.000687  -5.632672    0.191854
...              ...       ...        ...  ...       ...        ...         ...
2025-01-02 -0.003531 -4.984329  -0.515914  ...  0.000613  -5.128206    0.103497
2025-01-03  0.001165 -5.157616   0.202470  ...  0.000750  -5.133983    0.127270
2025-01-06  0.002511 -5.330902   0.518880  ...  0.000808  -5.139759    0.137830
2025-01-07 -0.001535 -4.913368  -0.208933  ...  0.000668  -5.124364    0.112344
2025-01-08 -0.000658 -5.086655  -0.106434  ...  0.000678  -5.130141    0.114534

[4535 rows x 12 columns]
Training starts at: 2007-01-03 and ends at: 2022-12-30
Testing starts at: 2023-01-03 and ends at: 2025-01-08
SJM Feature Weights:
--------------------------------------------------
ret_2         0.191000
DD-log_2      0.576926
sortino_2     0.265754
ret_5         0.320593
DD-log_5      0.636381
sortino_5     0.394220
ret_20        0.533092
DD-log_20     0.600292
sortino_20    0.593941
ret_60        0.602568
DD-log_60     0.459907
sortino_60    0.644501
dtype: float64
Email sent successfully!
[*********************100%***********************]  1 of 1 completed
Successfully downloaded data for ticker: SPY
Daily returns stored in `data.ret_ser`:
--------------------------------------------------
date
2007-01-03   -0.001765
2007-01-04    0.002122
2007-01-05   -0.007976
2007-01-08    0.004625
2007-01-09   -0.000850
                ...   
2025-01-03    0.012503
2025-01-06    0.005761
2025-01-07   -0.011304
2025-01-08    0.001461
2025-01-10   -0.012205
Name: SPY, Length: 4536, dtype: float64
--------------------------------------------------
Features stored in `data.X`:
--------------------------------------------------
               ret_2  DD-log_2  sortino_2  ...    ret_60  DD-log_60  sortino_60
date                                       ...                                 
2007-01-03 -0.000970 -5.886060  -0.349057  ...  0.000743  -5.638585    0.208957
2007-01-04 -0.000064 -6.059347  -0.027478  ...  0.000759  -5.644361    0.214643
2007-01-05 -0.002382 -5.351183  -0.502164  ...  0.000659  -5.621440    0.182058
2007-01-08 -0.000329 -5.524470  -0.082587  ...  0.000705  -5.627216    0.195772
2007-01-09 -0.000482 -5.688436  -0.142350  ...  0.000687  -5.632669    0.191853
...              ...       ...        ...  ...       ...        ...         ...
2025-01-03  0.001165 -5.157616   0.202470  ...  0.000750  -5.133982    0.127270
2025-01-06  0.002511 -5.330902   0.518880  ...  0.000808  -5.139758    0.137830
2025-01-07 -0.001535 -4.913368  -0.208933  ...  0.000668  -5.124364    0.112344
2025-01-08 -0.000658 -5.086655  -0.106434  ...  0.000678  -5.130140    0.114534
2025-01-10 -0.004040 -4.779044  -0.480711  ...  0.000530  -5.111777    0.087891

[4536 rows x 12 columns]
Training starts at: 2007-01-03 and ends at: 2022-12-30
Testing starts at: 2023-01-03 and ends at: 2025-01-10
SJM Feature Weights:
--------------------------------------------------
ret_2         0.191000
DD-log_2      0.576926
sortino_2     0.265755
ret_5         0.320593
DD-log_5      0.636380
sortino_5     0.394220
ret_20        0.533092
DD-log_20     0.600292
sortino_20    0.593941
ret_60        0.602568
DD-log_60     0.459907
sortino_60    0.644501
dtype: float64
Email sent successfully!
[*********************100%***********************]  1 of 1 completed
Successfully downloaded data for ticker: SPY
Daily returns stored in `data.ret_ser`:
--------------------------------------------------
date
2007-01-03   -0.001766
2007-01-04    0.002122
2007-01-05   -0.007975
2007-01-08    0.004624
2007-01-09   -0.000850
                ...   
2025-01-03    0.012503
2025-01-06    0.005761
2025-01-07   -0.011304
2025-01-08    0.001461
2025-01-10   -0.015267
Name: SPY, Length: 4536, dtype: float64
--------------------------------------------------
Features stored in `data.X`:
--------------------------------------------------
               ret_2  DD-log_2  sortino_2  ...    ret_60  DD-log_60  sortino_60
date                                       ...                                 
2007-01-03 -0.000970 -5.886095  -0.349115  ...  0.000743  -5.638581    0.208956
2007-01-04 -0.000064 -6.059381  -0.027527  ...  0.000759  -5.644357    0.214641
2007-01-05 -0.002381 -5.351275  -0.502175  ...  0.000659  -5.621442    0.182060
2007-01-08 -0.000329 -5.524562  -0.082617  ...  0.000704  -5.627218    0.195772
2007-01-09 -0.000482 -5.688523  -0.142394  ...  0.000687  -5.632670    0.191853
...              ...       ...        ...  ...       ...        ...         ...
2025-01-03  0.001165 -5.157616   0.202470  ...  0.000750  -5.133982    0.127270
2025-01-06  0.002511 -5.330902   0.518880  ...  0.000808  -5.139758    0.137830
2025-01-07 -0.001535 -4.913368  -0.208933  ...  0.000668  -5.124364    0.112344
2025-01-08 -0.000658 -5.086655  -0.106434  ...  0.000678  -5.130140    0.114534
2025-01-10 -0.004937 -4.629418  -0.505790  ...  0.000494  -5.098644    0.080984

[4536 rows x 12 columns]
Training starts at: 2007-01-03 and ends at: 2022-12-30
Testing starts at: 2023-01-03 and ends at: 2025-01-10
SJM Feature Weights:
--------------------------------------------------
ret_2         0.191000
DD-log_2      0.576925
sortino_2     0.265754
ret_5         0.320593
DD-log_5      0.636380
sortino_5     0.394220
ret_20        0.533093
DD-log_20     0.600292
sortino_20    0.593941
ret_60        0.602568
DD-log_60     0.459906
sortino_60    0.644501
dtype: float64
Email sent successfully!
[*********************100%***********************]  1 of 1 completed
Successfully downloaded data for ticker: SPY
Daily returns stored in `data.ret_ser`:
--------------------------------------------------
date
2007-01-03   -0.001766
2007-01-04    0.002122
2007-01-05   -0.007976
2007-01-08    0.004625
2007-01-09   -0.000850
                ...   
2025-01-03    0.012503
2025-01-06    0.005761
2025-01-07   -0.011304
2025-01-08    0.001461
2025-01-10   -0.015267
Name: SPY, Length: 4536, dtype: float64
--------------------------------------------------
Features stored in `data.X`:
--------------------------------------------------
               ret_2  DD-log_2  sortino_2  ...    ret_60  DD-log_60  sortino_60
date                                       ...                                 
2007-01-03 -0.000970 -5.886063  -0.349119  ...  0.000743  -5.638588    0.208957
2007-01-04 -0.000064 -6.059350  -0.027500  ...  0.000759  -5.644364    0.214643
2007-01-05 -0.002381 -5.351215  -0.502169  ...  0.000659  -5.621445    0.182060
2007-01-08 -0.000329 -5.524502  -0.082609  ...  0.000704  -5.627221    0.195772
2007-01-09 -0.000482 -5.688474  -0.142345  ...  0.000687  -5.632674    0.191855
...              ...       ...        ...  ...       ...        ...         ...
2025-01-03  0.001165 -5.157616   0.202470  ...  0.000750  -5.133982    0.127270
2025-01-06  0.002511 -5.330902   0.518880  ...  0.000808  -5.139758    0.137830
2025-01-07 -0.001535 -4.913368  -0.208933  ...  0.000668  -5.124364    0.112344
2025-01-08 -0.000658 -5.086655  -0.106434  ...  0.000678  -5.130140    0.114534
2025-01-10 -0.004937 -4.629418  -0.505790  ...  0.000494  -5.098644    0.080984

[4536 rows x 12 columns]
Training starts at: 2007-01-03 and ends at: 2022-12-30
Testing starts at: 2023-01-03 and ends at: 2025-01-10
SJM Feature Weights:
--------------------------------------------------
ret_2         0.191000
DD-log_2      0.576926
sortino_2     0.265755
ret_5         0.320593
DD-log_5      0.636380
sortino_5     0.394220
ret_20        0.533092
DD-log_20     0.600292
sortino_20    0.593941
ret_60        0.602568
DD-log_60     0.459907
sortino_60    0.644501
dtype: float64
Email sent successfully!
[*********************100%***********************]  1 of 1 completed
Successfully downloaded data for ticker: SPY
Daily returns stored in `data.ret_ser`:
--------------------------------------------------
date
2007-01-03   -0.001765
2007-01-04    0.002122
2007-01-05   -0.007976
2007-01-08    0.004625
2007-01-09   -0.000849
                ...   
2025-01-06    0.005761
2025-01-07   -0.011304
2025-01-08    0.001461
2025-01-10   -0.015267
2025-01-13   -0.003979
Name: SPY, Length: 4537, dtype: float64
--------------------------------------------------
Features stored in `data.X`:
--------------------------------------------------
               ret_2  DD-log_2  sortino_2  ...    ret_60  DD-log_60  sortino_60
date                                       ...                                 
2007-01-03 -0.000970 -5.886090  -0.349098  ...  0.000743  -5.638587    0.208956
2007-01-04 -0.000064 -6.059377  -0.027466  ...  0.000759  -5.644363    0.214643
2007-01-05 -0.002382 -5.351172  -0.502163  ...  0.000659  -5.621440    0.182057
2007-01-08 -0.000329 -5.524459  -0.082596  ...  0.000704  -5.627217    0.195771
2007-01-09 -0.000482 -5.688442  -0.142294  ...  0.000687  -5.632669    0.191855
...              ...       ...        ...  ...       ...        ...         ...
2025-01-06  0.002511 -5.330902   0.518880  ...  0.000808  -5.139758    0.137830
2025-01-07 -0.001535 -4.913368  -0.208933  ...  0.000668  -5.124364    0.112344
2025-01-08 -0.000658 -5.086655  -0.106434  ...  0.000678  -5.130140    0.114534
2025-01-10 -0.004937 -4.629418  -0.505790  ...  0.000494  -5.098644    0.080984
2025-01-13 -0.004656 -4.769412  -0.548749  ...  0.000443  -5.101958    0.072808

[4537 rows x 12 columns]
Training starts at: 2007-01-03 and ends at: 2022-12-30
Testing starts at: 2023-01-03 and ends at: 2025-01-13
SJM Feature Weights:
--------------------------------------------------
ret_2         0.191000
DD-log_2      0.576926
sortino_2     0.265755
ret_5         0.320593
DD-log_5      0.636380
sortino_5     0.394220
ret_20        0.533093
DD-log_20     0.600292
sortino_20    0.593941
ret_60        0.602568
DD-log_60     0.459907
sortino_60    0.644501
dtype: float64
Email sent successfully!
Traceback (most recent call last):
  File "/home/yp1065/jump-models/examples/nasdaq/example.py", line 73, in <module>
    from feature import DataLoader
  File "/home/yp1065/jump-models/examples/nasdaq/feature.py", line 10, in <module>
    import yfinance as yf
ModuleNotFoundError: No module named 'yfinance'
bash: python: command not found
[*********************100%***********************]  1 of 1 completed
Successfully downloaded data for ticker: SPY
Daily returns stored in `data.ret_ser`:
--------------------------------------------------
date
2007-01-03   -0.001765
2007-01-04    0.002122
2007-01-05   -0.007977
2007-01-08    0.004625
2007-01-09   -0.000850
                ...   
2025-01-06    0.005761
2025-01-07   -0.011304
2025-01-08    0.001461
2025-01-10   -0.015267
2025-01-13    0.001550
Name: SPY, Length: 4537, dtype: float64
--------------------------------------------------
Features stored in `data.X`:
--------------------------------------------------
               ret_2  DD-log_2  sortino_2  ...    ret_60  DD-log_60  sortino_60
date                                       ...                                 
2007-01-03 -0.000970 -5.886105  -0.349086  ...  0.000743  -5.638593    0.208959
2007-01-04 -0.000064 -6.059392  -0.027443  ...  0.000759  -5.644369    0.214646
2007-01-05 -0.002382 -5.351136  -0.502160  ...  0.000659  -5.621444    0.182058
2007-01-08 -0.000329 -5.524423  -0.082600  ...  0.000704  -5.627220    0.195772
2007-01-09 -0.000482 -5.688388  -0.142364  ...  0.000687  -5.632672    0.191853
...              ...       ...        ...  ...       ...        ...         ...
2025-01-06  0.002511 -5.330902   0.518880  ...  0.000808  -5.139758    0.137830
2025-01-07 -0.001535 -4.913368  -0.208933  ...  0.000668  -5.124364    0.112344
2025-01-08 -0.000658 -5.086655  -0.106434  ...  0.000678  -5.130140    0.114534
2025-01-10 -0.004937 -4.629418  -0.505790  ...  0.000494  -5.098644    0.080984
2025-01-13 -0.003037 -4.802705  -0.369988  ...  0.000507  -5.104421    0.083451

[4537 rows x 12 columns]
Training starts at: 2007-01-03 and ends at: 2022-12-30
Testing starts at: 2023-01-03 and ends at: 2025-01-13
SJM Feature Weights:
--------------------------------------------------
ret_2         0.190999
DD-log_2      0.576926
sortino_2     0.265755
ret_5         0.320593
DD-log_5      0.636380
sortino_5     0.394220
ret_20        0.533092
DD-log_20     0.600292
sortino_20    0.593941
ret_60        0.602568
DD-log_60     0.459907
sortino_60    0.644501
dtype: float64
Email sent successfully!
[*********************100%***********************]  1 of 1 completed
Successfully downloaded data for ticker: SPY
Daily returns stored in `data.ret_ser`:
--------------------------------------------------
date
2007-01-03   -0.001766
2007-01-04    0.002122
2007-01-05   -0.007977
2007-01-08    0.004625
2007-01-09   -0.000849
                ...   
2025-01-07   -0.011304
2025-01-08    0.001461
2025-01-10   -0.015267
2025-01-13    0.001550
2025-01-14    0.000138
Name: SPY, Length: 4538, dtype: float64
--------------------------------------------------
Features stored in `data.X`:
--------------------------------------------------
               ret_2  DD-log_2  sortino_2  ...    ret_60  DD-log_60  sortino_60
date                                       ...                                 
2007-01-03 -0.000970 -5.886129  -0.349110  ...  0.000743  -5.638582    0.208956
2007-01-04 -0.000064 -6.059416  -0.027438  ...  0.000759  -5.644358    0.214644
2007-01-05 -0.002382 -5.351132  -0.502161  ...  0.000659  -5.621433    0.182056
2007-01-08 -0.000329 -5.524419  -0.082619  ...  0.000704  -5.627209    0.195769
2007-01-09 -0.000482 -5.688400  -0.142322  ...  0.000687  -5.632662    0.191853
...              ...       ...        ...  ...       ...        ...         ...
2025-01-07 -0.001535 -4.913368  -0.208933  ...  0.000668  -5.124364    0.112344
2025-01-08 -0.000658 -5.086655  -0.106434  ...  0.000678  -5.130141    0.114534
2025-01-10 -0.004937 -4.629418  -0.505790  ...  0.000494  -5.098645    0.080984
2025-01-13 -0.003037 -4.802705  -0.369988  ...  0.000507  -5.104421    0.083451
2025-01-14 -0.002107 -4.975991  -0.305285  ...  0.000502  -5.110197    0.083232

[4538 rows x 12 columns]
Training starts at: 2007-01-03 and ends at: 2022-12-30
Testing starts at: 2023-01-03 and ends at: 2025-01-14
SJM Feature Weights:
--------------------------------------------------
ret_2         0.190999
DD-log_2      0.576926
sortino_2     0.265755
ret_5         0.320593
DD-log_5      0.636380
sortino_5     0.394220
ret_20        0.533092
DD-log_20     0.600292
sortino_20    0.593941
ret_60        0.602568
DD-log_60     0.459907
sortino_60    0.644501
dtype: float64
Email sent successfully!
[*********************100%***********************]  1 of 1 completed
Successfully downloaded data for ticker: SPY
Daily returns stored in `data.ret_ser`:
--------------------------------------------------
date
2007-01-03   -0.001765
2007-01-04    0.002122
2007-01-05   -0.007976
2007-01-08    0.004625
2007-01-09   -0.000850
                ...   
2025-01-07   -0.011304
2025-01-08    0.001461
2025-01-10   -0.015267
2025-01-13    0.001550
2025-01-14    0.001376
Name: SPY, Length: 4538, dtype: float64
--------------------------------------------------
Features stored in `data.X`:
--------------------------------------------------
               ret_2  DD-log_2  sortino_2  ...    ret_60  DD-log_60  sortino_60
date                                       ...                                 
2007-01-03 -0.000970 -5.886133  -0.349081  ...  0.000743  -5.638592    0.208959
2007-01-04 -0.000064 -6.059420  -0.027498  ...  0.000759  -5.644368    0.214644
2007-01-05 -0.002381 -5.351219  -0.502174  ...  0.000659  -5.621448    0.182060
2007-01-08 -0.000329 -5.524506  -0.082567  ...  0.000705  -5.627224    0.195774
2007-01-09 -0.000482 -5.688463  -0.142368  ...  0.000687  -5.632676    0.191855
...              ...       ...        ...  ...       ...        ...         ...
2025-01-07 -0.001535 -4.913368  -0.208933  ...  0.000668  -5.124364    0.112344
2025-01-08 -0.000658 -5.086655  -0.106434  ...  0.000678  -5.130140    0.114534
2025-01-10 -0.004937 -4.629418  -0.505790  ...  0.000494  -5.098645    0.080984
2025-01-13 -0.003037 -4.802705  -0.369988  ...  0.000507  -5.104421    0.083451
2025-01-14 -0.001744 -4.975991  -0.252727  ...  0.000517  -5.110197    0.085590

[4538 rows x 12 columns]
Training starts at: 2007-01-03 and ends at: 2022-12-30
Testing starts at: 2023-01-03 and ends at: 2025-01-14
SJM Feature Weights:
--------------------------------------------------
ret_2         0.191000
DD-log_2      0.576926
sortino_2     0.265755
ret_5         0.320593
DD-log_5      0.636380
sortino_5     0.394220
ret_20        0.533093
DD-log_20     0.600292
sortino_20    0.593941
ret_60        0.602568
DD-log_60     0.459907
sortino_60    0.644501
dtype: float64
Email sent successfully!
Traceback (most recent call last):
  File "/home/yp1065/jump-models/examples/nasdaq/example.py", line 73, in <module>
    from feature import DataLoader
  File "/home/yp1065/jump-models/examples/nasdaq/feature.py", line 10, in <module>
    import yfinance as yf
ModuleNotFoundError: No module named 'yfinance'
Traceback (most recent call last):
  File "/home/yp1065/jump-models/examples/nasdaq/example.py", line 73, in <module>
    from feature import DataLoader
  File "/home/yp1065/jump-models/examples/nasdaq/feature.py", line 10, in <module>
    import yfinance as yf
ModuleNotFoundError: No module named 'yfinance'
[*********************100%***********************]  1 of 1 completed
Successfully downloaded data for ticker: SPY
Daily returns stored in `data.ret_ser`:
--------------------------------------------------
date
2007-01-03   -0.001765
2007-01-04    0.002122
2007-01-05   -0.007976
2007-01-08    0.004625
2007-01-09   -0.000850
                ...   
2025-01-10   -0.015267
2025-01-13    0.001550
2025-01-14    0.001376
2025-01-15    0.018190
2025-01-16    0.001052
Name: SPY, Length: 4540, dtype: float64
--------------------------------------------------
Features stored in `data.X`:
--------------------------------------------------
               ret_2  DD-log_2  sortino_2  ...    ret_60  DD-log_60  sortino_60
date                                       ...                                 
2007-01-03 -0.000970 -5.886122  -0.349100  ...  0.000743  -5.638597    0.208959
2007-01-04 -0.000064 -6.059409  -0.027507  ...  0.000759  -5.644374    0.214645
2007-01-05 -0.002382 -5.351217  -0.502176  ...  0.000659  -5.621453    0.182061
2007-01-08 -0.000329 -5.524504  -0.082603  ...  0.000704  -5.627229    0.195774
2007-01-09 -0.000482 -5.688475  -0.142347  ...  0.000687  -5.632682    0.191856
...              ...       ...        ...  ...       ...        ...         ...
2025-01-10 -0.004937 -4.629418  -0.505790  ...  0.000494  -5.098645    0.080984
2025-01-13 -0.003037 -4.802705  -0.369988  ...  0.000507  -5.104421    0.083451
2025-01-14 -0.001744 -4.975991  -0.252727  ...  0.000517  -5.110197    0.085590
2025-01-15  0.004094 -5.149278   0.705487  ...  0.000720  -5.115973    0.119917
2025-01-16  0.003203 -5.322565   0.656366  ...  0.000723  -5.121750    0.121252

[4540 rows x 12 columns]
Training starts at: 2007-01-03 and ends at: 2022-12-30
Testing starts at: 2023-01-03 and ends at: 2025-01-16
SJM Feature Weights:
--------------------------------------------------
ret_2         0.191000
DD-log_2      0.576926
sortino_2     0.265755
ret_5         0.320593
DD-log_5      0.636380
sortino_5     0.394220
ret_20        0.533093
DD-log_20     0.600291
sortino_20    0.593941
ret_60        0.602569
DD-log_60     0.459906
sortino_60    0.644501
dtype: float64
Email sent successfully!
Traceback (most recent call last):
  File "/home/yp1065/jump-models/examples/nasdaq/example.py", line 73, in <module>
    from feature import DataLoader
  File "/home/yp1065/jump-models/examples/nasdaq/feature.py", line 10, in <module>
    import yfinance as yf
ModuleNotFoundError: No module named 'yfinance'
[*********************100%***********************]  1 of 1 completed
Successfully downloaded data for ticker: SPY
Daily returns stored in `data.ret_ser`:
--------------------------------------------------
date
2007-01-03   -0.001766
2007-01-04    0.002122
2007-01-05   -0.007976
2007-01-08    0.004625
2007-01-09   -0.000850
                ...   
2025-01-10   -0.015267
2025-01-13    0.001550
2025-01-14    0.001376
2025-01-15    0.018190
2025-01-16   -0.001923
Name: SPY, Length: 4540, dtype: float64
--------------------------------------------------
Features stored in `data.X`:
--------------------------------------------------
               ret_2  DD-log_2  sortino_2  ...    ret_60  DD-log_60  sortino_60
date                                       ...                                 
2007-01-03 -0.000970 -5.886102  -0.349120  ...  0.000743  -5.638590    0.208957
2007-01-04 -0.000064 -6.059389  -0.027453  ...  0.000759  -5.644366    0.214645
2007-01-05 -0.002382 -5.351175  -0.502160  ...  0.000659  -5.621444    0.182059
2007-01-08 -0.000329 -5.524461  -0.082598  ...  0.000705  -5.627220    0.195772
2007-01-09 -0.000482 -5.688426  -0.142365  ...  0.000687  -5.632672    0.191854
...              ...       ...        ...  ...       ...        ...         ...
2025-01-10 -0.004937 -4.629418  -0.505790  ...  0.000494  -5.098644    0.080984
2025-01-13 -0.003037 -4.802705  -0.369988  ...  0.000507  -5.104420    0.083451
2025-01-14 -0.001744 -4.975991  -0.252727  ...  0.000517  -5.110197    0.085590
2025-01-15  0.004094 -5.149278   0.705487  ...  0.000720  -5.115973    0.119917
2025-01-16  0.002332 -5.300325   0.467311  ...  0.000689  -5.121153    0.115455

[4540 rows x 12 columns]
Training starts at: 2007-01-03 and ends at: 2022-12-30
Testing starts at: 2023-01-03 and ends at: 2025-01-16
SJM Feature Weights:
--------------------------------------------------
ret_2         0.191000
DD-log_2      0.576926
sortino_2     0.265754
ret_5         0.320593
DD-log_5      0.636381
sortino_5     0.394220
ret_20        0.533092
DD-log_20     0.600292
sortino_20    0.593941
ret_60        0.602568
DD-log_60     0.459907
sortino_60    0.644501
dtype: float64
Email sent successfully!
Traceback (most recent call last):
  File "/home/yp1065/jump-models/examples/nasdaq/example.py", line 73, in <module>
    from feature import DataLoader
  File "/home/yp1065/jump-models/examples/nasdaq/feature.py", line 10, in <module>
    import yfinance as yf
ModuleNotFoundError: No module named 'yfinance'
[*********************100%***********************]  1 of 1 completed
MoTTY X11 proxy: Authorisation not recognised

[36mIn case you are trying to start a graphical application with "sudo", read this article in order to avoid this issue:
[35m[4mhttps://blog.mobatek.net/post/how-to-keep-X11-display-after-su-or-sudo/[0m


Successfully downloaded data for ticker: SPY
Daily returns stored in `data.ret_ser`:
--------------------------------------------------
date
2007-01-03   -0.001765
2007-01-04    0.002122
2007-01-05   -0.007976
2007-01-08    0.004625
2007-01-09   -0.000850
                ...   
2025-01-13    0.001550
2025-01-14    0.001376
2025-01-15    0.018190
2025-01-16   -0.001923
2025-01-17    0.010040
Name: SPY, Length: 4541, dtype: float64
--------------------------------------------------
Features stored in `data.X`:
--------------------------------------------------
               ret_2  DD-log_2  sortino_2  ...    ret_60  DD-log_60  sortino_60
date                                       ...                                 
2007-01-03 -0.000970 -5.886075  -0.349093  ...  0.000743  -5.638588    0.208957
2007-01-04 -0.000064 -6.059362  -0.027466  ...  0.000759  -5.644364    0.214644
2007-01-05 -0.002381 -5.351217  -0.502158  ...  0.000659  -5.621445    0.182060
2007-01-08 -0.000329 -5.524504  -0.082599  ...  0.000705  -5.627221    0.195773
2007-01-09 -0.000482 -5.688466  -0.142375  ...  0.000687  -5.632674    0.191854
...              ...       ...        ...  ...       ...        ...         ...
2025-01-13 -0.003037 -4.802705  -0.369988  ...  0.000507  -5.104421    0.083451
2025-01-14 -0.001744 -4.975991  -0.252727  ...  0.000517  -5.110197    0.085590
2025-01-15  0.004094 -5.149278   0.705487  ...  0.000720  -5.115973    0.119917
2025-01-16  0.002332 -5.300325   0.467311  ...  0.000689  -5.121153    0.115455
2025-01-17  0.004589 -5.473612   1.093766  ...  0.000797  -5.126929    0.134221

[4541 rows x 12 columns]
Training starts at: 2007-01-03 and ends at: 2022-12-30
Testing starts at: 2023-01-03 and ends at: 2025-01-17
SJM Feature Weights:
--------------------------------------------------
ret_2         0.191000
DD-log_2      0.576925
sortino_2     0.265755
ret_5         0.320593
DD-log_5      0.636380
sortino_5     0.394220
ret_20        0.533093
DD-log_20     0.600292
sortino_20    0.593941
ret_60        0.602568
DD-log_60     0.459907
sortino_60    0.644501
dtype: float64
Email sent successfully!
Traceback (most recent call last):
  File "/home/yp1065/jump-models/examples/nasdaq/example.py", line 73, in <module>
    from feature import DataLoader
  File "/home/yp1065/jump-models/examples/nasdaq/feature.py", line 10, in <module>
    import yfinance as yf
ModuleNotFoundError: No module named 'yfinance'
[*********************100%***********************]  1 of 1 completed
Successfully downloaded data for ticker: SPY
Daily returns stored in `data.ret_ser`:
--------------------------------------------------
date
2007-01-03   -0.001766
2007-01-04    0.002123
2007-01-05   -0.007976
2007-01-08    0.004625
2007-01-09   -0.000850
                ...   
2025-01-13    0.001550
2025-01-14    0.001376
2025-01-15    0.018190
2025-01-16   -0.001923
2025-01-17    0.010040
Name: SPY, Length: 4541, dtype: float64
--------------------------------------------------
Features stored in `data.X`:
--------------------------------------------------
               ret_2  DD-log_2  sortino_2  ...    ret_60  DD-log_60  sortino_60
date                                       ...                                 
2007-01-03 -0.000970 -5.886069  -0.349129  ...  0.000743  -5.638587    0.208956
2007-01-04 -0.000064 -6.059356  -0.027431  ...  0.000759  -5.644363    0.214645
2007-01-05 -0.002382 -5.351153  -0.502151  ...  0.000659  -5.621440    0.182058
2007-01-08 -0.000329 -5.524440  -0.082581  ...  0.000705  -5.627216    0.195772
2007-01-09 -0.000482 -5.688407  -0.142343  ...  0.000687  -5.632668    0.191854
...              ...       ...        ...  ...       ...        ...         ...
2025-01-13 -0.003037 -4.802705  -0.369988  ...  0.000507  -5.104421    0.083451
2025-01-14 -0.001744 -4.975991  -0.252727  ...  0.000517  -5.110197    0.085590
2025-01-15  0.004094 -5.149278   0.705487  ...  0.000720  -5.115973    0.119917
2025-01-16  0.002332 -5.300325   0.467311  ...  0.000689  -5.121153    0.115455
2025-01-17  0.004589 -5.473612   1.093766  ...  0.000797  -5.126929    0.134221

[4541 rows x 12 columns]
Training starts at: 2007-01-03 and ends at: 2022-12-30
Testing starts at: 2023-01-03 and ends at: 2025-01-17
SJM Feature Weights:
--------------------------------------------------
ret_2         0.190999
DD-log_2      0.576926
sortino_2     0.265755
ret_5         0.320593
DD-log_5      0.636381
sortino_5     0.394220
ret_20        0.533092
DD-log_20     0.600292
sortino_20    0.593941
ret_60        0.602568
DD-log_60     0.459906
sortino_60    0.644501
dtype: float64
Email sent successfully!
Traceback (most recent call last):
  File "/home/yp1065/jump-models/examples/nasdaq/example.py", line 73, in <module>
    from feature import DataLoader
  File "/home/yp1065/jump-models/examples/nasdaq/feature.py", line 10, in <module>
    import yfinance as yf
ModuleNotFoundError: No module named 'yfinance'
[*********************100%***********************]  1 of 1 completed
MoTTY X11 proxy: Authorisation not recognised

[36mIn case you are trying to start a graphical application with "sudo", read this article in order to avoid this issue:
[35m[4mhttps://blog.mobatek.net/post/how-to-keep-X11-display-after-su-or-sudo/[0m


Successfully downloaded data for ticker: SPY
Daily returns stored in `data.ret_ser`:
--------------------------------------------------
date
2007-01-03   -0.001765
2007-01-04    0.002122
2007-01-05   -0.007976
2007-01-08    0.004625
2007-01-09   -0.000850
                ...   
2025-01-13    0.001550
2025-01-14    0.001376
2025-01-15    0.018190
2025-01-16   -0.001923
2025-01-17    0.010040
Name: SPY, Length: 4541, dtype: float64
--------------------------------------------------
Features stored in `data.X`:
--------------------------------------------------
               ret_2  DD-log_2  sortino_2  ...    ret_60  DD-log_60  sortino_60
date                                       ...                                 
2007-01-03 -0.000970 -5.886071  -0.349092  ...  0.000743  -5.638591    0.208958
2007-01-04 -0.000064 -6.059357  -0.027524  ...  0.000759  -5.644367    0.214643
2007-01-05 -0.002382 -5.351192  -0.502180  ...  0.000659  -5.621446    0.182058
2007-01-08 -0.000329 -5.524479  -0.082581  ...  0.000704  -5.627223    0.195773
2007-01-09 -0.000482 -5.688449  -0.142333  ...  0.000687  -5.632675    0.191855
...              ...       ...        ...  ...       ...        ...         ...
2025-01-13 -0.003037 -4.802705  -0.369988  ...  0.000507  -5.104421    0.083451
2025-01-14 -0.001744 -4.975991  -0.252727  ...  0.000517  -5.110197    0.085590
2025-01-15  0.004094 -5.149278   0.705487  ...  0.000720  -5.115973    0.119917
2025-01-16  0.002332 -5.300325   0.467311  ...  0.000689  -5.121153    0.115455
2025-01-17  0.004589 -5.473612   1.093766  ...  0.000797  -5.126929    0.134221

[4541 rows x 12 columns]
Training starts at: 2007-01-03 and ends at: 2022-12-30
Testing starts at: 2023-01-03 and ends at: 2025-01-17
SJM Feature Weights:
--------------------------------------------------
ret_2         0.191000
DD-log_2      0.576926
sortino_2     0.265755
ret_5         0.320593
DD-log_5      0.636380
sortino_5     0.394220
ret_20        0.533092
DD-log_20     0.600292
sortino_20    0.593941
ret_60        0.602568
DD-log_60     0.459907
sortino_60    0.644501
dtype: float64
Email sent successfully!
Traceback (most recent call last):
  File "/home/yp1065/jump-models/examples/nasdaq/example.py", line 73, in <module>
    from feature import DataLoader
  File "/home/yp1065/jump-models/examples/nasdaq/feature.py", line 10, in <module>
    import yfinance as yf
ModuleNotFoundError: No module named 'yfinance'
[*********************100%***********************]  1 of 1 completed
MoTTY X11 proxy: Authorisation not recognised

[36mIn case you are trying to start a graphical application with "sudo", read this article in order to avoid this issue:
[35m[4mhttps://blog.mobatek.net/post/how-to-keep-X11-display-after-su-or-sudo/[0m


Successfully downloaded data for ticker: SPY
Daily returns stored in `data.ret_ser`:
--------------------------------------------------
date
2007-01-03   -0.001766
2007-01-04    0.002122
2007-01-05   -0.007977
2007-01-08    0.004625
2007-01-09   -0.000850
                ...   
2025-01-14    0.001376
2025-01-15    0.018190
2025-01-16   -0.001923
2025-01-17    0.010040
2025-01-21    0.004584
Name: SPY, Length: 4542, dtype: float64
--------------------------------------------------
Features stored in `data.X`:
--------------------------------------------------
               ret_2  DD-log_2  sortino_2  ...    ret_60  DD-log_60  sortino_60
date                                       ...                                 
2007-01-03 -0.000970 -5.886078  -0.349132  ...  0.000743  -5.638583    0.208955
2007-01-04 -0.000064 -6.059364  -0.027460  ...  0.000759  -5.644360    0.214643
2007-01-05 -0.002382 -5.351139  -0.502163  ...  0.000659  -5.621435    0.182056
2007-01-08 -0.000329 -5.524426  -0.082591  ...  0.000704  -5.627212    0.195770
2007-01-09 -0.000482 -5.688403  -0.142312  ...  0.000687  -5.632664    0.191854
...              ...       ...        ...  ...       ...        ...         ...
2025-01-14 -0.001744 -4.975991  -0.252727  ...  0.000517  -5.110197    0.085590
2025-01-15  0.004094 -5.149278   0.705487  ...  0.000720  -5.115973    0.119917
2025-01-16  0.002332 -5.300325   0.467311  ...  0.000689  -5.121153    0.115455
2025-01-17  0.004589 -5.473612   1.093766  ...  0.000797  -5.126929    0.134221
2025-01-21  0.004588 -5.646898   1.300293  ...  0.000840  -5.132706    0.142372

[4542 rows x 12 columns]
Training starts at: 2007-01-03 and ends at: 2022-12-30
Testing starts at: 2023-01-03 and ends at: 2025-01-21
SJM Feature Weights:
--------------------------------------------------
ret_2         0.191000
DD-log_2      0.576926
sortino_2     0.265755
ret_5         0.320593
DD-log_5      0.636380
sortino_5     0.394220
ret_20        0.533092
DD-log_20     0.600292
sortino_20    0.593941
ret_60        0.602568
DD-log_60     0.459907
sortino_60    0.644501
dtype: float64
Email sent successfully!
Traceback (most recent call last):
  File "/home/yp1065/jump-models/examples/nasdaq/example.py", line 73, in <module>
    from feature import DataLoader
  File "/home/yp1065/jump-models/examples/nasdaq/feature.py", line 10, in <module>
    import yfinance as yf
ModuleNotFoundError: No module named 'yfinance'
[*********************100%***********************]  1 of 1 completed
MoTTY X11 proxy: Authorisation not recognised

[36mIn case you are trying to start a graphical application with "sudo", read this article in order to avoid this issue:
[35m[4mhttps://blog.mobatek.net/post/how-to-keep-X11-display-after-su-or-sudo/[0m


Successfully downloaded data for ticker: SPY
Daily returns stored in `data.ret_ser`:
--------------------------------------------------
date
2007-01-03   -0.001765
2007-01-04    0.002122
2007-01-05   -0.007975
2007-01-08    0.004625
2007-01-09   -0.000850
                ...   
2025-01-15    0.018190
2025-01-16   -0.001923
2025-01-17    0.010040
2025-01-21    0.009154
2025-01-22    0.004195
Name: SPY, Length: 4543, dtype: float64
--------------------------------------------------
Features stored in `data.X`:
--------------------------------------------------
               ret_2  DD-log_2  sortino_2  ...    ret_60  DD-log_60  sortino_60
date                                       ...                                 
2007-01-03 -0.000970 -5.886088  -0.349099  ...  0.000743  -5.638579    0.208955
2007-01-04 -0.000064 -6.059375  -0.027525  ...  0.000759  -5.644355    0.214641
2007-01-05 -0.002381 -5.351266  -0.502175  ...  0.000659  -5.621440    0.182059
2007-01-08 -0.000329 -5.524553  -0.082602  ...  0.000704  -5.627216    0.195771
2007-01-09 -0.000482 -5.688524  -0.142343  ...  0.000687  -5.632668    0.191854
...              ...       ...        ...  ...       ...        ...         ...
2025-01-15  0.004094 -5.149278   0.705487  ...  0.000720  -5.115973    0.119917
2025-01-16  0.002332 -5.300325   0.467311  ...  0.000689  -5.121153    0.115455
2025-01-17  0.004589 -5.473612   1.093766  ...  0.000797  -5.126929    0.134221
2025-01-21  0.005926 -5.646898   1.679571  ...  0.000893  -5.132705    0.151266
2025-01-22  0.005419 -5.820185   1.826504  ...  0.000930  -5.138482    0.158609

[4543 rows x 12 columns]
Training starts at: 2007-01-03 and ends at: 2022-12-30
Testing starts at: 2023-01-03 and ends at: 2025-01-22
SJM Feature Weights:
--------------------------------------------------
ret_2         0.191000
DD-log_2      0.576926
sortino_2     0.265755
ret_5         0.320593
DD-log_5      0.636381
sortino_5     0.394220
ret_20        0.533092
DD-log_20     0.600292
sortino_20    0.593940
ret_60        0.602568
DD-log_60     0.459907
sortino_60    0.644501
dtype: float64
Email sent successfully!
Traceback (most recent call last):
  File "/home/yp1065/jump-models/examples/nasdaq/example.py", line 73, in <module>
    from feature import DataLoader
  File "/home/yp1065/jump-models/examples/nasdaq/feature.py", line 10, in <module>
    import yfinance as yf
ModuleNotFoundError: No module named 'yfinance'
[*********************100%***********************]  1 of 1 completed
MoTTY X11 proxy: Authorisation not recognised

[36mIn case you are trying to start a graphical application with "sudo", read this article in order to avoid this issue:
[35m[4mhttps://blog.mobatek.net/post/how-to-keep-X11-display-after-su-or-sudo/[0m


Successfully downloaded data for ticker: SPY
Daily returns stored in `data.ret_ser`:
--------------------------------------------------
date
2007-01-03   -0.001765
2007-01-04    0.002122
2007-01-05   -0.007976
2007-01-08    0.004625
2007-01-09   -0.000850
                ...   
2025-01-16   -0.001923
2025-01-17    0.010040
2025-01-21    0.009154
2025-01-22    0.005621
2025-01-23   -0.000478
Name: SPY, Length: 4544, dtype: float64
--------------------------------------------------
Features stored in `data.X`:
--------------------------------------------------
               ret_2  DD-log_2  sortino_2  ...    ret_60  DD-log_60  sortino_60
date                                       ...                                 
2007-01-03 -0.000970 -5.886103  -0.349087  ...  0.000743  -5.638580    0.208956
2007-01-04 -0.000064 -6.059390  -0.027482  ...  0.000759  -5.644356    0.214642
2007-01-05 -0.002382 -5.351182  -0.502169  ...  0.000659  -5.621435    0.182057
2007-01-08 -0.000329 -5.524469  -0.082570  ...  0.000705  -5.627211    0.195771
2007-01-09 -0.000482 -5.688439  -0.142323  ...  0.000687  -5.632663    0.191853
...              ...       ...        ...  ...       ...        ...         ...
2025-01-16  0.002332 -5.300325   0.467311  ...  0.000689  -5.121153    0.115455
2025-01-17  0.004589 -5.473612   1.093766  ...  0.000797  -5.126929    0.134221
2025-01-21  0.005926 -5.646898   1.679571  ...  0.000893  -5.132705    0.151266
2025-01-22  0.005837 -5.820185   1.967267  ...  0.000947  -5.138482    0.161401
2025-01-23  0.003987 -5.988122   1.589607  ...  0.000931  -5.144219    0.159524

[4544 rows x 12 columns]
Training starts at: 2007-01-03 and ends at: 2022-12-30
Testing starts at: 2023-01-03 and ends at: 2025-01-23
SJM Feature Weights:
--------------------------------------------------
ret_2         0.191000
DD-log_2      0.576926
sortino_2     0.265755
ret_5         0.320593
DD-log_5      0.636380
sortino_5     0.394220
ret_20        0.533093
DD-log_20     0.600292
sortino_20    0.593941
ret_60        0.602568
DD-log_60     0.459906
sortino_60    0.644501
dtype: float64
Email sent successfully!
Traceback (most recent call last):
  File "/home/yp1065/jump-models/examples/nasdaq/example.py", line 73, in <module>
    from feature import DataLoader
  File "/home/yp1065/jump-models/examples/nasdaq/feature.py", line 10, in <module>
    import yfinance as yf
ModuleNotFoundError: No module named 'yfinance'
[*********************100%***********************]  1 of 1 completed
MoTTY X11 proxy: Authorisation not recognised

[36mIn case you are trying to start a graphical application with "sudo", read this article in order to avoid this issue:
[35m[4mhttps://blog.mobatek.net/post/how-to-keep-X11-display-after-su-or-sudo/[0m


Successfully downloaded data for ticker: SPY
Daily returns stored in `data.ret_ser`:
--------------------------------------------------
date
2007-01-03   -0.001765
2007-01-04    0.002122
2007-01-05   -0.007976
2007-01-08    0.004625
2007-01-09   -0.000850
                ...   
2025-01-17    0.010040
2025-01-21    0.009154
2025-01-22    0.005621
2025-01-23    0.005458
2025-01-24    0.000656
Name: SPY, Length: 4545, dtype: float64
--------------------------------------------------
Features stored in `data.X`:
--------------------------------------------------
               ret_2  DD-log_2  sortino_2  ...    ret_60  DD-log_60  sortino_60
date                                       ...                                 
2007-01-03 -0.000970 -5.886084  -0.349076  ...  0.000743  -5.638586    0.208957
2007-01-04 -0.000064 -6.059371  -0.027449  ...  0.000759  -5.644362    0.214644
2007-01-05 -0.002381 -5.351187  -0.502156  ...  0.000659  -5.621441    0.182059
2007-01-08 -0.000329 -5.524474  -0.082596  ...  0.000705  -5.627217    0.195772
2007-01-09 -0.000482 -5.688437  -0.142370  ...  0.000687  -5.632669    0.191853
...              ...       ...        ...  ...       ...        ...         ...
2025-01-17  0.004589 -5.473612   1.093766  ...  0.000797  -5.126929    0.134221
2025-01-21  0.005926 -5.646898   1.679571  ...  0.000893  -5.132706    0.151266
2025-01-22  0.005837 -5.820185   1.967267  ...  0.000947  -5.138482    0.161401
2025-01-23  0.005726 -5.993472   2.295007  ...  0.000999  -5.144258    0.171219
2025-01-24  0.004241 -6.166759   2.021450  ...  0.000995  -5.150034    0.171533

[4545 rows x 12 columns]
Training starts at: 2007-01-03 and ends at: 2022-12-30
Testing starts at: 2023-01-03 and ends at: 2025-01-24
SJM Feature Weights:
--------------------------------------------------
ret_2         0.191000
DD-log_2      0.576926
sortino_2     0.265755
ret_5         0.320593
DD-log_5      0.636380
sortino_5     0.394220
ret_20        0.533092
DD-log_20     0.600292
sortino_20    0.593941
ret_60        0.602568
DD-log_60     0.459907
sortino_60    0.644501
dtype: float64
Email sent successfully!
Traceback (most recent call last):
  File "/home/yp1065/jump-models/examples/nasdaq/example.py", line 73, in <module>
    from feature import DataLoader
  File "/home/yp1065/jump-models/examples/nasdaq/feature.py", line 10, in <module>
    import yfinance as yf
ModuleNotFoundError: No module named 'yfinance'
[*********************100%***********************]  1 of 1 completed
Successfully downloaded data for ticker: SPY
Daily returns stored in `data.ret_ser`:
--------------------------------------------------
date
2007-01-03   -0.001766
2007-01-04    0.002123
2007-01-05   -0.007977
2007-01-08    0.004624
2007-01-09   -0.000850
                ...   
2025-01-17    0.010040
2025-01-21    0.009154
2025-01-22    0.005621
2025-01-23    0.005458
2025-01-24   -0.002919
Name: SPY, Length: 4545, dtype: float64
--------------------------------------------------
Features stored in `data.X`:
--------------------------------------------------
               ret_2  DD-log_2  sortino_2  ...    ret_60  DD-log_60  sortino_60
date                                       ...                                 
2007-01-03 -0.000970 -5.886057  -0.349110  ...  0.000743  -5.638579    0.208955
2007-01-04 -0.000064 -6.059344  -0.027390  ...  0.000759  -5.644356    0.214644
2007-01-05 -0.002382 -5.351136  -0.502137  ...  0.000659  -5.621432    0.182057
2007-01-08 -0.000330 -5.524422  -0.082626  ...  0.000704  -5.627208    0.195769
2007-01-09 -0.000482 -5.688398  -0.142348  ...  0.000687  -5.632660    0.191852
...              ...       ...        ...  ...       ...        ...         ...
2025-01-17  0.004589 -5.473612   1.093766  ...  0.000797  -5.126929    0.134221
2025-01-21  0.005926 -5.646898   1.679571  ...  0.000893  -5.132706    0.151266
2025-01-22  0.005837 -5.820185   1.967267  ...  0.000947  -5.138482    0.161401
2025-01-23  0.005726 -5.993472   2.295007  ...  0.000999  -5.144258    0.171219
2025-01-24  0.003194 -5.942154   1.216077  ...  0.000954  -5.148581    0.164213

[4545 rows x 12 columns]
Training starts at: 2007-01-03 and ends at: 2022-12-30
Testing starts at: 2023-01-03 and ends at: 2025-01-24
SJM Feature Weights:
--------------------------------------------------
ret_2         0.191000
DD-log_2      0.576926
sortino_2     0.265755
ret_5         0.320593
DD-log_5      0.636380
sortino_5     0.394220
ret_20        0.533093
DD-log_20     0.600292
sortino_20    0.593941
ret_60        0.602568
DD-log_60     0.459907
sortino_60    0.644501
dtype: float64
Email sent successfully!
Traceback (most recent call last):
  File "/home/yp1065/jump-models/examples/nasdaq/example.py", line 73, in <module>
    from feature import DataLoader
  File "/home/yp1065/jump-models/examples/nasdaq/feature.py", line 10, in <module>
    import yfinance as yf
ModuleNotFoundError: No module named 'yfinance'
[*********************100%***********************]  1 of 1 completed
Successfully downloaded data for ticker: SPY
Daily returns stored in `data.ret_ser`:
--------------------------------------------------
date
2007-01-03   -0.001766
2007-01-04    0.002122
2007-01-05   -0.007976
2007-01-08    0.004625
2007-01-09   -0.000849
                ...   
2025-01-17    0.010040
2025-01-21    0.009154
2025-01-22    0.005621
2025-01-23    0.005458
2025-01-24   -0.002919
Name: SPY, Length: 4545, dtype: float64
--------------------------------------------------
Features stored in `data.X`:
--------------------------------------------------
               ret_2  DD-log_2  sortino_2  ...    ret_60  DD-log_60  sortino_60
date                                       ...                                 
2007-01-03 -0.000970 -5.886082  -0.349111  ...  0.000743  -5.638582    0.208956
2007-01-04 -0.000064 -6.059369  -0.027489  ...  0.000759  -5.644358    0.214642
2007-01-05 -0.002382 -5.351195  -0.502168  ...  0.000659  -5.621437    0.182058
2007-01-08 -0.000329 -5.524481  -0.082615  ...  0.000704  -5.627214    0.195770
2007-01-09 -0.000482 -5.688464  -0.142311  ...  0.000687  -5.632666    0.191854
...              ...       ...        ...  ...       ...        ...         ...
2025-01-17  0.004589 -5.473612   1.093766  ...  0.000797  -5.126929    0.134221
2025-01-21  0.005926 -5.646898   1.679571  ...  0.000893  -5.132705    0.151266
2025-01-22  0.005837 -5.820185   1.967267  ...  0.000947  -5.138482    0.161401
2025-01-23  0.005726 -5.993472   2.295007  ...  0.000999  -5.144258    0.171219
2025-01-24  0.003194 -5.942154   1.216077  ...  0.000954  -5.148581    0.164212

[4545 rows x 12 columns]
Training starts at: 2007-01-03 and ends at: 2022-12-30
Testing starts at: 2023-01-03 and ends at: 2025-01-24
SJM Feature Weights:
--------------------------------------------------
ret_2         0.191000
DD-log_2      0.576926
sortino_2     0.265754
ret_5         0.320593
DD-log_5      0.636381
sortino_5     0.394220
ret_20        0.533092
DD-log_20     0.600292
sortino_20    0.593941
ret_60        0.602568
DD-log_60     0.459906
sortino_60    0.644501
dtype: float64
Email sent successfully!
Traceback (most recent call last):
  File "/home/yp1065/jump-models/examples/nasdaq/example.py", line 73, in <module>
    from feature import DataLoader
  File "/home/yp1065/jump-models/examples/nasdaq/feature.py", line 10, in <module>
    import yfinance as yf
ModuleNotFoundError: No module named 'yfinance'
[*********************100%***********************]  1 of 1 completed
Successfully downloaded data for ticker: SPY
Daily returns stored in `data.ret_ser`:
--------------------------------------------------
date
2007-01-03   -0.001765
2007-01-04    0.002122
2007-01-05   -0.007977
2007-01-08    0.004625
2007-01-09   -0.000850
                ...   
2025-01-17    0.010040
2025-01-21    0.009154
2025-01-22    0.005621
2025-01-23    0.005458
2025-01-24   -0.002919
Name: SPY, Length: 4545, dtype: float64
--------------------------------------------------
Features stored in `data.X`:
--------------------------------------------------
               ret_2  DD-log_2  sortino_2  ...    ret_60  DD-log_60  sortino_60
date                                       ...                                 
2007-01-03 -0.000970 -5.886094  -0.349112  ...  0.000743  -5.638593    0.208958
2007-01-04 -0.000064 -6.059381  -0.027430  ...  0.000759  -5.644369    0.214646
2007-01-05 -0.002382 -5.351142  -0.502154  ...  0.000659  -5.621444    0.182059
2007-01-08 -0.000329 -5.524429  -0.082559  ...  0.000705  -5.627221    0.195774
2007-01-09 -0.000482 -5.688391  -0.142343  ...  0.000687  -5.632673    0.191855
...              ...       ...        ...  ...       ...        ...         ...
2025-01-17  0.004589 -5.473612   1.093766  ...  0.000797  -5.126929    0.134221
2025-01-21  0.005926 -5.646898   1.679571  ...  0.000893  -5.132705    0.151266
2025-01-22  0.005837 -5.820185   1.967267  ...  0.000947  -5.138481    0.161401
2025-01-23  0.005726 -5.993472   2.295007  ...  0.000999  -5.144258    0.171219
2025-01-24  0.003194 -5.942154   1.216077  ...  0.000954  -5.148581    0.164212

[4545 rows x 12 columns]
Training starts at: 2007-01-03 and ends at: 2022-12-30
Testing starts at: 2023-01-03 and ends at: 2025-01-24
SJM Feature Weights:
--------------------------------------------------
ret_2         0.191000
DD-log_2      0.576926
sortino_2     0.265755
ret_5         0.320593
DD-log_5      0.636380
sortino_5     0.394220
ret_20        0.533093
DD-log_20     0.600291
sortino_20    0.593941
ret_60        0.602568
DD-log_60     0.459906
sortino_60    0.644501
dtype: float64
Email sent successfully!
Traceback (most recent call last):
  File "/home/yp1065/jump-models/examples/nasdaq/example.py", line 73, in <module>
    from feature import DataLoader
  File "/home/yp1065/jump-models/examples/nasdaq/feature.py", line 10, in <module>
    import yfinance as yf
ModuleNotFoundError: No module named 'yfinance'
[*********************100%***********************]  1 of 1 completed
Successfully downloaded data for ticker: SPY
Daily returns stored in `data.ret_ser`:
--------------------------------------------------
date
2007-01-03   -0.001765
2007-01-04    0.002122
2007-01-05   -0.007976
2007-01-08    0.004625
2007-01-09   -0.000850
                ...   
2025-01-21    0.009154
2025-01-22    0.005621
2025-01-23    0.005458
2025-01-24   -0.002919
2025-01-27   -0.014145
Name: SPY, Length: 4546, dtype: float64
--------------------------------------------------
Features stored in `data.X`:
--------------------------------------------------
               ret_2  DD-log_2  sortino_2  ...    ret_60  DD-log_60  sortino_60
date                                       ...                                 
2007-01-03 -0.000970 -5.886066  -0.349106  ...  0.000743  -5.638579    0.208955
2007-01-04 -0.000064 -6.059353  -0.027498  ...  0.000759  -5.644355    0.214641
2007-01-05 -0.002382 -5.351200  -0.502170  ...  0.000659  -5.621436    0.182057
2007-01-08 -0.000329 -5.524486  -0.082592  ...  0.000704  -5.627212    0.195771
2007-01-09 -0.000482 -5.688454  -0.142349  ...  0.000687  -5.632664    0.191853
...              ...       ...        ...  ...       ...        ...         ...
2025-01-21  0.005926 -5.646898   1.679571  ...  0.000893  -5.132705    0.151266
2025-01-22  0.005837 -5.820185   1.967267  ...  0.000947  -5.138482    0.161401
2025-01-23  0.005726 -5.993472   2.295007  ...  0.000999  -5.144258    0.171219
2025-01-24  0.003194 -5.942154   1.216077  ...  0.000954  -5.148581    0.164213
2025-01-27 -0.001885 -4.832368  -0.236543  ...  0.000780  -5.121028    0.130699

[4546 rows x 12 columns]
Training starts at: 2007-01-03 and ends at: 2022-12-30
Testing starts at: 2023-01-03 and ends at: 2025-01-27
SJM Feature Weights:
--------------------------------------------------
ret_2         0.191000
DD-log_2      0.576926
sortino_2     0.265755
ret_5         0.320593
DD-log_5      0.636381
sortino_5     0.394220
ret_20        0.533092
DD-log_20     0.600292
sortino_20    0.593941
ret_60        0.602568
DD-log_60     0.459907
sortino_60    0.644501
dtype: float64
Email sent successfully!
Traceback (most recent call last):
  File "/home/yp1065/jump-models/examples/nasdaq/example.py", line 73, in <module>
    from feature import DataLoader
  File "/home/yp1065/jump-models/examples/nasdaq/feature.py", line 10, in <module>
    import yfinance as yf
ModuleNotFoundError: No module named 'yfinance'
[*********************100%***********************]  1 of 1 completed
Successfully downloaded data for ticker: SPY
Daily returns stored in `data.ret_ser`:
--------------------------------------------------
date
2007-01-03   -0.001765
2007-01-04    0.002122
2007-01-05   -0.007976
2007-01-08    0.004625
2007-01-09   -0.000850
                ...   
2025-01-23    0.005458
2025-01-24   -0.002919
2025-01-27   -0.014145
2025-01-28    0.008592
2025-01-29   -0.003292
Name: SPY, Length: 4548, dtype: float64
--------------------------------------------------
Features stored in `data.X`:
--------------------------------------------------
               ret_2  DD-log_2  sortino_2  ...    ret_60  DD-log_60  sortino_60
date                                       ...                                 
2007-01-03 -0.000970 -5.886098  -0.349085  ...  0.000743  -5.638580    0.208956
2007-01-04 -0.000064 -6.059385  -0.027472  ...  0.000759  -5.644356    0.214642
2007-01-05 -0.002382 -5.351158  -0.502168  ...  0.000659  -5.621433    0.182056
2007-01-08 -0.000329 -5.524445  -0.082571  ...  0.000705  -5.627210    0.195771
2007-01-09 -0.000482 -5.688403  -0.142367  ...  0.000687  -5.632662    0.191851
...              ...       ...        ...  ...       ...        ...         ...
2025-01-23  0.005726 -5.993472   2.295007  ...  0.000999  -5.144258    0.171219
2025-01-24  0.003194 -5.942154   1.216077  ...  0.000954  -5.148581    0.164212
2025-01-27 -0.001885 -4.832368  -0.236543  ...  0.000780  -5.121027    0.130699
2025-01-28  0.001184 -5.005655   0.176715  ...  0.000870  -5.126804    0.146574
2025-01-29 -0.000127 -5.131291  -0.021486  ...  0.000822  -5.130796    0.139074

[4548 rows x 12 columns]
Training starts at: 2007-01-03 and ends at: 2022-12-30
Testing starts at: 2023-01-03 and ends at: 2025-01-29
SJM Feature Weights:
--------------------------------------------------
ret_2         0.191000
DD-log_2      0.576926
sortino_2     0.265755
ret_5         0.320593
DD-log_5      0.636381
sortino_5     0.394220
ret_20        0.533092
DD-log_20     0.600292
sortino_20    0.593941
ret_60        0.602568
DD-log_60     0.459906
sortino_60    0.644501
dtype: float64
Email sent successfully!
Traceback (most recent call last):
  File "/home/yp1065/jump-models/examples/nasdaq/example.py", line 73, in <module>
    from feature import DataLoader
  File "/home/yp1065/jump-models/examples/nasdaq/feature.py", line 10, in <module>
    import yfinance as yf
ModuleNotFoundError: No module named 'yfinance'
[*********************100%***********************]  1 of 1 completed
Successfully downloaded data for ticker: SPY
Daily returns stored in `data.ret_ser`:
--------------------------------------------------
date
2007-01-03   -0.001766
2007-01-04    0.002122
2007-01-05   -0.007976
2007-01-08    0.004625
2007-01-09   -0.000850
                ...   
2025-01-23    0.005458
2025-01-24   -0.002919
2025-01-27   -0.014145
2025-01-28    0.008592
2025-01-29   -0.004483
Name: SPY, Length: 4548, dtype: float64
--------------------------------------------------
Features stored in `data.X`:
--------------------------------------------------
               ret_2  DD-log_2  sortino_2  ...    ret_60  DD-log_60  sortino_60
date                                       ...                                 
2007-01-03 -0.000970 -5.886126  -0.349112  ...  0.000743  -5.638588    0.208957
2007-01-04 -0.000064 -6.059413  -0.027506  ...  0.000759  -5.644364    0.214643
2007-01-05 -0.002382 -5.351218  -0.502176  ...  0.000659  -5.621444    0.182059
2007-01-08 -0.000329 -5.524505  -0.082598  ...  0.000704  -5.627220    0.195772
2007-01-09 -0.000482 -5.688472  -0.142355  ...  0.000687  -5.632672    0.191854
...              ...       ...        ...  ...       ...        ...         ...
2025-01-23  0.005726 -5.993472   2.295007  ...  0.000999  -5.144258    0.171219
2025-01-24  0.003194 -5.942154   1.216077  ...  0.000954  -5.148581    0.164212
2025-01-27 -0.001885 -4.832368  -0.236543  ...  0.000780  -5.121027    0.130699
2025-01-28  0.001184 -5.005655   0.176715  ...  0.000870  -5.126804    0.146574
2025-01-29 -0.000476 -5.093884  -0.077569  ...  0.000809  -5.129277    0.136553

[4548 rows x 12 columns]
Training starts at: 2007-01-03 and ends at: 2022-12-30
Testing starts at: 2023-01-03 and ends at: 2025-01-29
SJM Feature Weights:
--------------------------------------------------
ret_2         0.191000
DD-log_2      0.576926
sortino_2     0.265755
ret_5         0.320593
DD-log_5      0.636380
sortino_5     0.394220
ret_20        0.533093
DD-log_20     0.600291
sortino_20    0.593941
ret_60        0.602569
DD-log_60     0.459906
sortino_60    0.644501
dtype: float64
Email sent successfully!
Traceback (most recent call last):
  File "/home/yp1065/jump-models/examples/nasdaq/example.py", line 73, in <module>
    from feature import DataLoader
  File "/home/yp1065/jump-models/examples/nasdaq/feature.py", line 10, in <module>
    import yfinance as yf
ModuleNotFoundError: No module named 'yfinance'
[*********************100%***********************]  1 of 1 completed
Successfully downloaded data for ticker: SPY
Daily returns stored in `data.ret_ser`:
--------------------------------------------------
date
2007-01-03   -0.001765
2007-01-04    0.002122
2007-01-05   -0.007976
2007-01-08    0.004625
2007-01-09   -0.000850
                ...   
2025-01-27   -0.014145
2025-01-28    0.008592
2025-01-29   -0.004483
2025-01-30    0.005367
2025-01-31    0.004198
Name: SPY, Length: 4550, dtype: float64
--------------------------------------------------
Features stored in `data.X`:
--------------------------------------------------
               ret_2  DD-log_2  sortino_2  ...    ret_60  DD-log_60  sortino_60
date                                       ...                                 
2007-01-03 -0.000970 -5.886095  -0.349106  ...  0.000743  -5.638587    0.208956
2007-01-04 -0.000064 -6.059382  -0.027443  ...  0.000759  -5.644363    0.214644
2007-01-05 -0.002382 -5.351173  -0.502156  ...  0.000659  -5.621440    0.182058
2007-01-08 -0.000329 -5.524460  -0.082567  ...  0.000705  -5.627217    0.195772
2007-01-09 -0.000482 -5.688420  -0.142358  ...  0.000687  -5.632669    0.191853
...              ...       ...        ...  ...       ...        ...         ...
2025-01-27 -0.001885 -4.832368  -0.236543  ...  0.000780  -5.121027    0.130699
2025-01-28  0.001184 -5.005655   0.176715  ...  0.000870  -5.126804    0.146574
2025-01-29 -0.000476 -5.093884  -0.077569  ...  0.000809  -5.129277    0.136553
2025-01-30  0.001236 -5.267171   0.239529  ...  0.000861  -5.135053    0.146238
2025-01-31  0.002103 -5.440458   0.484902  ...  0.000899  -5.140829    0.153635

[4550 rows x 12 columns]
Training starts at: 2007-01-03 and ends at: 2022-12-30
Testing starts at: 2023-01-03 and ends at: 2025-01-31
SJM Feature Weights:
--------------------------------------------------
ret_2         0.191000
DD-log_2      0.576925
sortino_2     0.265755
ret_5         0.320593
DD-log_5      0.636380
sortino_5     0.394220
ret_20        0.533092
DD-log_20     0.600292
sortino_20    0.593941
ret_60        0.602568
DD-log_60     0.459907
sortino_60    0.644501
dtype: float64
Email sent successfully!
Traceback (most recent call last):
  File "/home/yp1065/jump-models/examples/nasdaq/example.py", line 73, in <module>
    from feature import DataLoader
  File "/home/yp1065/jump-models/examples/nasdaq/feature.py", line 10, in <module>
    import yfinance as yf
ModuleNotFoundError: No module named 'yfinance'
[*********************100%***********************]  1 of 1 completed
Successfully downloaded data for ticker: SPY
Daily returns stored in `data.ret_ser`:
--------------------------------------------------
date
2007-01-03   -0.001765
2007-01-04    0.002122
2007-01-05   -0.007976
2007-01-08    0.004625
2007-01-09   -0.000849
                ...   
2025-01-27   -0.014145
2025-01-28    0.008592
2025-01-29   -0.004483
2025-01-30    0.005367
2025-01-31   -0.005322
Name: SPY, Length: 4550, dtype: float64
--------------------------------------------------
Features stored in `data.X`:
--------------------------------------------------
               ret_2  DD-log_2  sortino_2  ...    ret_60  DD-log_60  sortino_60
date                                       ...                                 
2007-01-03 -0.000970 -5.886082  -0.349102  ...  0.000743  -5.638583    0.208956
2007-01-04 -0.000064 -6.059369  -0.027424  ...  0.000759  -5.644359    0.214644
2007-01-05 -0.002382 -5.351156  -0.502150  ...  0.000659  -5.621436    0.182058
2007-01-08 -0.000329 -5.524442  -0.082613  ...  0.000704  -5.627212    0.195770
2007-01-09 -0.000482 -5.688423  -0.142319  ...  0.000687  -5.632665    0.191854
...              ...       ...        ...  ...       ...        ...         ...
2025-01-27 -0.001885 -4.832368  -0.236543  ...  0.000780  -5.121027    0.130699
2025-01-28  0.001184 -5.005655   0.176715  ...  0.000870  -5.126804    0.146574
2025-01-29 -0.000476 -5.093884  -0.077569  ...  0.000809  -5.129277    0.136553
2025-01-30  0.001236 -5.267171   0.239529  ...  0.000861  -5.135053    0.146238
2025-01-31 -0.000685 -5.257815  -0.131581  ...  0.000790  -5.136103    0.134316

[4550 rows x 12 columns]
Training starts at: 2007-01-03 and ends at: 2022-12-30
Testing starts at: 2023-01-03 and ends at: 2025-01-31
SJM Feature Weights:
--------------------------------------------------
ret_2         0.191000
DD-log_2      0.576926
sortino_2     0.265755
ret_5         0.320593
DD-log_5      0.636380
sortino_5     0.394220
ret_20        0.533093
DD-log_20     0.600291
sortino_20    0.593941
ret_60        0.602568
DD-log_60     0.459906
sortino_60    0.644501
dtype: float64
Email sent successfully!
Traceback (most recent call last):
  File "/home/yp1065/jump-models/examples/nasdaq/example.py", line 73, in <module>
    from feature import DataLoader
  File "/home/yp1065/jump-models/examples/nasdaq/feature.py", line 10, in <module>
    import yfinance as yf
ModuleNotFoundError: No module named 'yfinance'
[*********************100%***********************]  1 of 1 completed
MoTTY X11 proxy: Authorisation not recognised

[36mIn case you are trying to start a graphical application with "sudo", read this article in order to avoid this issue:
[35m[4mhttps://blog.mobatek.net/post/how-to-keep-X11-display-after-su-or-sudo/[0m


Successfully downloaded data for ticker: SPY
Daily returns stored in `data.ret_ser`:
--------------------------------------------------
date
2007-01-03   -0.001765
2007-01-04    0.002122
2007-01-05   -0.007976
2007-01-08    0.004625
2007-01-09   -0.000850
                ...   
2025-01-27   -0.014145
2025-01-28    0.008592
2025-01-29   -0.004483
2025-01-30    0.005367
2025-01-31   -0.005322
Name: SPY, Length: 4550, dtype: float64
--------------------------------------------------
Features stored in `data.X`:
--------------------------------------------------
               ret_2  DD-log_2  sortino_2  ...    ret_60  DD-log_60  sortino_60
date                                       ...                                 
2007-01-03 -0.000970 -5.886088  -0.349096  ...  0.000743  -5.638580    0.208955
2007-01-04 -0.000064 -6.059375  -0.027474  ...  0.000759  -5.644356    0.214642
2007-01-05 -0.002382 -5.351180  -0.502165  ...  0.000659  -5.621434    0.182057
2007-01-08 -0.000329 -5.524467  -0.082573  ...  0.000705  -5.627211    0.195771
2007-01-09 -0.000482 -5.688438  -0.142319  ...  0.000687  -5.632663    0.191853
...              ...       ...        ...  ...       ...        ...         ...
2025-01-27 -0.001885 -4.832368  -0.236543  ...  0.000780  -5.121028    0.130699
2025-01-28  0.001184 -5.005655   0.176715  ...  0.000870  -5.126804    0.146574
2025-01-29 -0.000476 -5.093884  -0.077569  ...  0.000809  -5.129277    0.136553
2025-01-30  0.001236 -5.267171   0.239529  ...  0.000861  -5.135053    0.146238
2025-01-31 -0.000685 -5.257815  -0.131581  ...  0.000790  -5.136103    0.134316

[4550 rows x 12 columns]
Training starts at: 2007-01-03 and ends at: 2022-12-30
Testing starts at: 2023-01-03 and ends at: 2025-01-31
SJM Feature Weights:
--------------------------------------------------
ret_2         0.191000
DD-log_2      0.576926
sortino_2     0.265755
ret_5         0.320593
DD-log_5      0.636381
sortino_5     0.394220
ret_20        0.533092
DD-log_20     0.600292
sortino_20    0.593941
ret_60        0.602568
DD-log_60     0.459906
sortino_60    0.644501
dtype: float64
Email sent successfully!
Traceback (most recent call last):
  File "/home/yp1065/jump-models/examples/nasdaq/example.py", line 73, in <module>
    from feature import DataLoader
  File "/home/yp1065/jump-models/examples/nasdaq/feature.py", line 10, in <module>
    import yfinance as yf
ModuleNotFoundError: No module named 'yfinance'
[*********************100%***********************]  1 of 1 completed
Successfully downloaded data for ticker: SPY
Daily returns stored in `data.ret_ser`:
--------------------------------------------------
date
2007-01-03   -0.001765
2007-01-04    0.002122
2007-01-05   -0.007976
2007-01-08    0.004625
2007-01-09   -0.000850
                ...   
2025-01-27   -0.014145
2025-01-28    0.008592
2025-01-29   -0.004483
2025-01-30    0.005367
2025-01-31   -0.005322
Name: SPY, Length: 4550, dtype: float64
--------------------------------------------------
Features stored in `data.X`:
--------------------------------------------------
               ret_2  DD-log_2  sortino_2  ...    ret_60  DD-log_60  sortino_60
date                                       ...                                 
2007-01-03 -0.000970 -5.886082  -0.349055  ...  0.000743  -5.638587    0.208958
2007-01-04 -0.000064 -6.059369  -0.027489  ...  0.000759  -5.644364    0.214643
2007-01-05 -0.002382 -5.351202  -0.502168  ...  0.000659  -5.621443    0.182059
2007-01-08 -0.000329 -5.524489  -0.082584  ...  0.000705  -5.627220    0.195773
2007-01-09 -0.000482 -5.688449  -0.142375  ...  0.000687  -5.632672    0.191853
...              ...       ...        ...  ...       ...        ...         ...
2025-01-27 -0.001885 -4.832368  -0.236543  ...  0.000780  -5.121027    0.130699
2025-01-28  0.001184 -5.005655   0.176715  ...  0.000870  -5.126804    0.146574
2025-01-29 -0.000476 -5.093884  -0.077569  ...  0.000809  -5.129277    0.136553
2025-01-30  0.001236 -5.267171   0.239529  ...  0.000861  -5.135053    0.146238
2025-01-31 -0.000685 -5.257815  -0.131581  ...  0.000790  -5.136103    0.134316

[4550 rows x 12 columns]
Training starts at: 2007-01-03 and ends at: 2022-12-30
Testing starts at: 2023-01-03 and ends at: 2025-01-31
SJM Feature Weights:
--------------------------------------------------
ret_2         0.191000
DD-log_2      0.576927
sortino_2     0.265755
ret_5         0.320593
DD-log_5      0.636380
sortino_5     0.394220
ret_20        0.533092
DD-log_20     0.600291
sortino_20    0.593941
ret_60        0.602568
DD-log_60     0.459906
sortino_60    0.644501
dtype: float64
Email sent successfully!
Traceback (most recent call last):
  File "/home/yp1065/jump-models/examples/nasdaq/example.py", line 73, in <module>
    from feature import DataLoader
  File "/home/yp1065/jump-models/examples/nasdaq/feature.py", line 10, in <module>
    import yfinance as yf
ModuleNotFoundError: No module named 'yfinance'
[*********************100%***********************]  1 of 1 completed
Successfully downloaded data for ticker: SPY
Daily returns stored in `data.ret_ser`:
--------------------------------------------------
date
2007-01-03   -0.001765
2007-01-04    0.002122
2007-01-05   -0.007976
2007-01-08    0.004625
2007-01-09   -0.000850
                ...   
2025-01-29   -0.004483
2025-01-30    0.005367
2025-01-31   -0.005322
2025-02-03   -0.006730
2025-02-04    0.004935
Name: SPY, Length: 4552, dtype: float64
--------------------------------------------------
Features stored in `data.X`:
--------------------------------------------------
               ret_2  DD-log_2  sortino_2  ...    ret_60  DD-log_60  sortino_60
date                                       ...                                 
2007-01-03 -0.000970 -5.886085  -0.349100  ...  0.000743  -5.638584    0.208956
2007-01-04 -0.000064 -6.059372  -0.027469  ...  0.000759  -5.644360    0.214643
2007-01-05 -0.002382 -5.351179  -0.502163  ...  0.000659  -5.621438    0.182058
2007-01-08 -0.000329 -5.524466  -0.082594  ...  0.000704  -5.627215    0.195771
2007-01-09 -0.000482 -5.688439  -0.142330  ...  0.000687  -5.632667    0.191854
...              ...       ...        ...  ...       ...        ...         ...
2025-01-29 -0.000476 -5.093884  -0.077569  ...  0.000809  -5.129277    0.136553
2025-01-30  0.001236 -5.267171   0.239529  ...  0.000861  -5.135053    0.146238
2025-01-31 -0.000685 -5.257815  -0.131581  ...  0.000790  -5.136103    0.134316
2025-02-03 -0.002455 -5.168159  -0.431161  ...  0.000703  -5.134328    0.119416
2025-02-04 -0.000291 -5.341446  -0.060740  ...  0.000752  -5.140104    0.128406

[4552 rows x 12 columns]
Training starts at: 2007-01-03 and ends at: 2022-12-30
Testing starts at: 2023-01-03 and ends at: 2025-02-04
SJM Feature Weights:
--------------------------------------------------
ret_2         0.191000
DD-log_2      0.576926
sortino_2     0.265755
ret_5         0.320593
DD-log_5      0.636380
sortino_5     0.394220
ret_20        0.533093
DD-log_20     0.600291
sortino_20    0.593941
ret_60        0.602568
DD-log_60     0.459907
sortino_60    0.644501
dtype: float64
Email sent successfully!
Traceback (most recent call last):
  File "/home/yp1065/jump-models/examples/nasdaq/example.py", line 73, in <module>
    from feature import DataLoader
  File "/home/yp1065/jump-models/examples/nasdaq/feature.py", line 10, in <module>
    import yfinance as yf
ModuleNotFoundError: No module named 'yfinance'
[*********************100%***********************]  1 of 1 completed
Successfully downloaded data for ticker: SPY
Daily returns stored in `data.ret_ser`:
--------------------------------------------------
date
2007-01-03   -0.001765
2007-01-04    0.002122
2007-01-05   -0.007976
2007-01-08    0.004625
2007-01-09   -0.000849
                ...   
2025-01-30    0.005367
2025-01-31   -0.005322
2025-02-03   -0.006730
2025-02-04    0.006708
2025-02-05   -0.003507
Name: SPY, Length: 4553, dtype: float64
--------------------------------------------------
Features stored in `data.X`:
--------------------------------------------------
               ret_2  DD-log_2  sortino_2  ...    ret_60  DD-log_60  sortino_60
date                                       ...                                 
2007-01-03 -0.000970 -5.886091  -0.349082  ...  0.000743  -5.638581    0.208956
2007-01-04 -0.000064 -6.059377  -0.027481  ...  0.000759  -5.644357    0.214642
2007-01-05 -0.002382 -5.351188  -0.502167  ...  0.000659  -5.621436    0.182058
2007-01-08 -0.000329 -5.524475  -0.082605  ...  0.000704  -5.627212    0.195770
2007-01-09 -0.000482 -5.688453  -0.142321  ...  0.000687  -5.632665    0.191854
...              ...       ...        ...  ...       ...        ...         ...
2025-01-30  0.001236 -5.267171   0.239529  ...  0.000861  -5.135053    0.146238
2025-01-31 -0.000685 -5.257815  -0.131581  ...  0.000790  -5.136103    0.134316
2025-02-03 -0.002455 -5.168159  -0.431161  ...  0.000703  -5.134329    0.119416
2025-02-04  0.000229 -5.341446   0.047719  ...  0.000772  -5.140105    0.131884
2025-02-05 -0.000865 -5.414451  -0.194413  ...  0.000723  -5.143803    0.123950

[4553 rows x 12 columns]
Training starts at: 2007-01-03 and ends at: 2022-12-30
Testing starts at: 2023-01-03 and ends at: 2025-02-05
SJM Feature Weights:
--------------------------------------------------
ret_2         0.191000
DD-log_2      0.576926
sortino_2     0.265755
ret_5         0.320593
DD-log_5      0.636381
sortino_5     0.394221
ret_20        0.533092
DD-log_20     0.600292
sortino_20    0.593941
ret_60        0.602568
DD-log_60     0.459906
sortino_60    0.644501
dtype: float64
Email sent successfully!
Traceback (most recent call last):
  File "/home/yp1065/jump-models/examples/nasdaq/example.py", line 73, in <module>
    from feature import DataLoader
  File "/home/yp1065/jump-models/examples/nasdaq/feature.py", line 10, in <module>
    import yfinance as yf
ModuleNotFoundError: No module named 'yfinance'
[*********************100%***********************]  1 of 1 completed
Successfully downloaded data for ticker: SPY
Daily returns stored in `data.ret_ser`:
--------------------------------------------------
date
2007-01-03   -0.001765
2007-01-04    0.002122
2007-01-05   -0.007976
2007-01-08    0.004625
2007-01-09   -0.000850
                ...   
2025-01-30    0.005367
2025-01-31   -0.005322
2025-02-03   -0.006730
2025-02-04    0.006708
2025-02-05    0.004055
Name: SPY, Length: 4553, dtype: float64
--------------------------------------------------
Features stored in `data.X`:
--------------------------------------------------
               ret_2  DD-log_2  sortino_2  ...    ret_60  DD-log_60  sortino_60
date                                       ...                                 
2007-01-03 -0.000970 -5.886090  -0.349091  ...  0.000743  -5.638593    0.208959
2007-01-04 -0.000064 -6.059376  -0.027479  ...  0.000759  -5.644370    0.214645
2007-01-05 -0.002382 -5.351172  -0.502168  ...  0.000659  -5.621447    0.182059
2007-01-08 -0.000329 -5.524459  -0.082589  ...  0.000704  -5.627223    0.195773
2007-01-09 -0.000482 -5.688432  -0.142326  ...  0.000687  -5.632676    0.191856
...              ...       ...        ...  ...       ...        ...         ...
2025-01-30  0.001236 -5.267171   0.239529  ...  0.000861  -5.135053    0.146238
2025-01-31 -0.000685 -5.257815  -0.131581  ...  0.000790  -5.136103    0.134316
2025-02-03 -0.002455 -5.168159  -0.431161  ...  0.000703  -5.134329    0.119416
2025-02-04  0.000229 -5.341446   0.047719  ...  0.000772  -5.140105    0.131884
2025-02-05  0.001349 -5.514733   0.335023  ...  0.000810  -5.145881    0.139121

[4553 rows x 12 columns]
Training starts at: 2007-01-03 and ends at: 2022-12-30
Testing starts at: 2023-01-03 and ends at: 2025-02-05
SJM Feature Weights:
--------------------------------------------------
ret_2         0.191000
DD-log_2      0.576926
sortino_2     0.265754
ret_5         0.320593
DD-log_5      0.636381
sortino_5     0.394220
ret_20        0.533092
DD-log_20     0.600292
sortino_20    0.593941
ret_60        0.602568
DD-log_60     0.459907
sortino_60    0.644501
dtype: float64
Email sent successfully!
Traceback (most recent call last):
  File "/home/yp1065/jump-models/examples/nasdaq/example.py", line 73, in <module>
    from feature import DataLoader
  File "/home/yp1065/jump-models/examples/nasdaq/feature.py", line 10, in <module>
    import yfinance as yf
ModuleNotFoundError: No module named 'yfinance'
[*********************100%***********************]  1 of 1 completed
Successfully downloaded data for ticker: SPY
Daily returns stored in `data.ret_ser`:
--------------------------------------------------
date
2007-01-03   -0.001765
2007-01-04    0.002123
2007-01-05   -0.007977
2007-01-08    0.004625
2007-01-09   -0.000850
                ...   
2025-02-03   -0.006730
2025-02-04    0.006708
2025-02-05    0.004055
2025-02-06    0.003476
2025-02-07   -0.005789
Name: SPY, Length: 4555, dtype: float64
--------------------------------------------------
Features stored in `data.X`:
--------------------------------------------------
               ret_2  DD-log_2  sortino_2  ...    ret_60  DD-log_60  sortino_60
date                                       ...                                 
2007-01-03 -0.000970 -5.886099  -0.349096  ...  0.000743  -5.638586    0.208957
2007-01-04 -0.000064 -6.059386  -0.027395  ...  0.000759  -5.644363    0.214645
2007-01-05 -0.002382 -5.351143  -0.502142  ...  0.000659  -5.621438    0.182058
2007-01-08 -0.000329 -5.524430  -0.082611  ...  0.000704  -5.627214    0.195771
2007-01-09 -0.000482 -5.688400  -0.142355  ...  0.000687  -5.632667    0.191853
...              ...       ...        ...  ...       ...        ...         ...
2025-02-03 -0.002455 -5.168159  -0.431161  ...  0.000703  -5.134329    0.119416
2025-02-04  0.000229 -5.341446   0.047719  ...  0.000772  -5.140105    0.131884
2025-02-05  0.001349 -5.514733   0.335023  ...  0.000810  -5.145881    0.139121
2025-02-06  0.001972 -5.688019   0.582338  ...  0.000841  -5.151657    0.145215
2025-02-07 -0.000301 -5.464682  -0.071138  ...  0.000765  -5.151659    0.132063

[4555 rows x 12 columns]
Training starts at: 2007-01-03 and ends at: 2022-12-30
Testing starts at: 2023-01-03 and ends at: 2025-02-07
SJM Feature Weights:
--------------------------------------------------
ret_2         0.190999
DD-log_2      0.576926
sortino_2     0.265755
ret_5         0.320593
DD-log_5      0.636380
sortino_5     0.394220
ret_20        0.533092
DD-log_20     0.600292
sortino_20    0.593941
ret_60        0.602568
DD-log_60     0.459907
sortino_60    0.644501
dtype: float64
Email sent successfully!
Traceback (most recent call last):
  File "/home/yp1065/jump-models/examples/nasdaq/example.py", line 73, in <module>
    from feature import DataLoader
  File "/home/yp1065/jump-models/examples/nasdaq/feature.py", line 10, in <module>
    import yfinance as yf
ModuleNotFoundError: No module named 'yfinance'
[*********************100%***********************]  1 of 1 completed
MoTTY X11 proxy: Authorisation not recognised

[36mIn case you are trying to start a graphical application with "sudo", read this article in order to avoid this issue:
[35m[4mhttps://blog.mobatek.net/post/how-to-keep-X11-display-after-su-or-sudo/[0m


Successfully downloaded data for ticker: SPY
Daily returns stored in `data.ret_ser`:
--------------------------------------------------
date
2007-01-03   -0.001765
2007-01-04    0.002122
2007-01-05   -0.007976
2007-01-08    0.004625
2007-01-09   -0.000850
                ...   
2025-02-03   -0.006730
2025-02-04    0.006708
2025-02-05    0.004055
2025-02-06    0.003476
2025-02-07   -0.009154
Name: SPY, Length: 4555, dtype: float64
--------------------------------------------------
Features stored in `data.X`:
--------------------------------------------------
               ret_2  DD-log_2  sortino_2  ...    ret_60  DD-log_60  sortino_60
date                                       ...                                 
2007-01-03 -0.000970 -5.886112  -0.349071  ...  0.000743  -5.638589    0.208958
2007-01-04 -0.000064 -6.059398  -0.027476  ...  0.000759  -5.644365    0.214644
2007-01-05 -0.002382 -5.351160  -0.502170  ...  0.000659  -5.621442    0.182058
2007-01-08 -0.000329 -5.524447  -0.082578  ...  0.000705  -5.627218    0.195772
2007-01-09 -0.000482 -5.688409  -0.142360  ...  0.000687  -5.632670    0.191853
...              ...       ...        ...  ...       ...        ...         ...
2025-02-03 -0.002455 -5.168159  -0.431161  ...  0.000703  -5.134328    0.119416
2025-02-04  0.000229 -5.341446   0.047719  ...  0.000772  -5.140104    0.131884
2025-02-05  0.001349 -5.514733   0.335023  ...  0.000810  -5.145881    0.139121
2025-02-06  0.001972 -5.688019   0.582338  ...  0.000841  -5.151657    0.145215
2025-02-07 -0.001287 -5.164845  -0.225172  ...  0.000726  -5.143119    0.124322

[4555 rows x 12 columns]
Training starts at: 2007-01-03 and ends at: 2022-12-30
Testing starts at: 2023-01-03 and ends at: 2025-02-07
SJM Feature Weights:
--------------------------------------------------
ret_2         0.191000
DD-log_2      0.576926
sortino_2     0.265755
ret_5         0.320593
DD-log_5      0.636380
sortino_5     0.394220
ret_20        0.533093
DD-log_20     0.600292
sortino_20    0.593941
ret_60        0.602568
DD-log_60     0.459907
sortino_60    0.644501
dtype: float64
Email sent successfully!
Traceback (most recent call last):
  File "/home/yp1065/jump-models/examples/nasdaq/example.py", line 73, in <module>
    from feature import DataLoader
  File "/home/yp1065/jump-models/examples/nasdaq/feature.py", line 10, in <module>
    import yfinance as yf
ModuleNotFoundError: No module named 'yfinance'
[*********************100%***********************]  1 of 1 completed
Successfully downloaded data for ticker: SPY
Daily returns stored in `data.ret_ser`:
--------------------------------------------------
date
2007-01-03   -0.001766
2007-01-04    0.002123
2007-01-05   -0.007977
2007-01-08    0.004626
2007-01-09   -0.000850
                ...   
2025-02-03   -0.006730
2025-02-04    0.006708
2025-02-05    0.004055
2025-02-06    0.003476
2025-02-07   -0.009154
Name: SPY, Length: 4555, dtype: float64
--------------------------------------------------
Features stored in `data.X`:
--------------------------------------------------
               ret_2  DD-log_2  sortino_2  ...    ret_60  DD-log_60  sortino_60
date                                       ...                                 
2007-01-03 -0.000970 -5.886071  -0.349136  ...  0.000743  -5.638586    0.208956
2007-01-04 -0.000064 -6.059357  -0.027446  ...  0.000759  -5.644363    0.214644
2007-01-05 -0.002382 -5.351130  -0.502159  ...  0.000659  -5.621438    0.182057
2007-01-08 -0.000329 -5.524417  -0.082556  ...  0.000705  -5.627214    0.195772
2007-01-09 -0.000482 -5.688381  -0.142333  ...  0.000687  -5.632666    0.191853
...              ...       ...        ...  ...       ...        ...         ...
2025-02-03 -0.002455 -5.168159  -0.431161  ...  0.000703  -5.134329    0.119416
2025-02-04  0.000229 -5.341446   0.047719  ...  0.000772  -5.140105    0.131884
2025-02-05  0.001349 -5.514733   0.335023  ...  0.000810  -5.145881    0.139121
2025-02-06  0.001972 -5.688019   0.582338  ...  0.000841  -5.151657    0.145215
2025-02-07 -0.001287 -5.164845  -0.225172  ...  0.000726  -5.143119    0.124322

[4555 rows x 12 columns]
Training starts at: 2007-01-03 and ends at: 2022-12-30
Testing starts at: 2023-01-03 and ends at: 2025-02-07
SJM Feature Weights:
--------------------------------------------------
ret_2         0.191000
DD-log_2      0.576926
sortino_2     0.265755
ret_5         0.320593
DD-log_5      0.636380
sortino_5     0.394220
ret_20        0.533093
DD-log_20     0.600292
sortino_20    0.593941
ret_60        0.602568
DD-log_60     0.459907
sortino_60    0.644501
dtype: float64
Email sent successfully!
Traceback (most recent call last):
  File "/home/yp1065/jump-models/examples/nasdaq/example.py", line 73, in <module>
    from feature import DataLoader
  File "/home/yp1065/jump-models/examples/nasdaq/feature.py", line 10, in <module>
    import yfinance as yf
ModuleNotFoundError: No module named 'yfinance'
[*********************100%***********************]  1 of 1 completed
Successfully downloaded data for ticker: SPY
Daily returns stored in `data.ret_ser`:
--------------------------------------------------
date
2007-01-03   -0.001765
2007-01-04    0.002123
2007-01-05   -0.007977
2007-01-08    0.004625
2007-01-09   -0.000850
                ...   
2025-02-04    0.006708
2025-02-05    0.004055
2025-02-06    0.003476
2025-02-07   -0.009154
2025-02-10    0.007157
Name: SPY, Length: 4556, dtype: float64
--------------------------------------------------
Features stored in `data.X`:
--------------------------------------------------
               ret_2  DD-log_2  sortino_2  ...    ret_60  DD-log_60  sortino_60
date                                       ...                                 
2007-01-03 -0.000970 -5.886101  -0.349102  ...  0.000743  -5.638591    0.208958
2007-01-04 -0.000064 -6.059388  -0.027409  ...  0.000759  -5.644367    0.214646
2007-01-05 -0.002382 -5.351104  -0.502151  ...  0.000659  -5.621440    0.182057
2007-01-08 -0.000329 -5.524391  -0.082615  ...  0.000704  -5.627216    0.195770
2007-01-09 -0.000482 -5.688360  -0.142361  ...  0.000687  -5.632668    0.191852
...              ...       ...        ...  ...       ...        ...         ...
2025-02-04  0.000229 -5.341446   0.047719  ...  0.000772  -5.140104    0.131884
2025-02-05  0.001349 -5.514733   0.335023  ...  0.000810  -5.145881    0.139121
2025-02-06  0.001972 -5.688019   0.582338  ...  0.000841  -5.151657    0.145215
2025-02-07 -0.001287 -5.164845  -0.225172  ...  0.000726  -5.143119    0.124322
2025-02-10  0.001187 -5.338131   0.246957  ...  0.000800  -5.148895    0.137766

[4556 rows x 12 columns]
Training starts at: 2007-01-03 and ends at: 2022-12-30
Testing starts at: 2023-01-03 and ends at: 2025-02-10
SJM Feature Weights:
--------------------------------------------------
ret_2         0.191000
DD-log_2      0.576927
sortino_2     0.265755
ret_5         0.320593
DD-log_5      0.636381
sortino_5     0.394220
ret_20        0.533093
DD-log_20     0.600291
sortino_20    0.593941
ret_60        0.602568
DD-log_60     0.459906
sortino_60    0.644501
dtype: float64
Email sent successfully!
[*********************100%***********************]  1 of 1 completed
Successfully downloaded data for ticker: SPY
Daily returns stored in `data.ret_ser`:
--------------------------------------------------
date
2007-01-03   -0.001765
2007-01-04    0.002123
2007-01-05   -0.007977
2007-01-08    0.004625
2007-01-09   -0.000850
                ...   
2025-02-05    0.004055
2025-02-06    0.003476
2025-02-07   -0.009154
2025-02-10    0.006791
2025-02-11    0.000761
Name: SPY, Length: 4557, dtype: float64
--------------------------------------------------
Features stored in `data.X`:
--------------------------------------------------
               ret_2  DD-log_2  sortino_2  ...    ret_60  DD-log_60  sortino_60
date                                       ...                                 
2007-01-03 -0.000970 -5.886114  -0.349084  ...  0.000743  -5.638591    0.208958
2007-01-04 -0.000064 -6.059401  -0.027391  ...  0.000759  -5.644367    0.214647
2007-01-05 -0.002382 -5.351091  -0.502147  ...  0.000659  -5.621439    0.182057
2007-01-08 -0.000329 -5.524377  -0.082593  ...  0.000704  -5.627215    0.195771
2007-01-09 -0.000482 -5.688352  -0.142323  ...  0.000687  -5.632668    0.191854
...              ...       ...        ...  ...       ...        ...         ...
2025-02-05  0.001349 -5.514733   0.335023  ...  0.000810  -5.145881    0.139121
2025-02-06  0.001972 -5.688019   0.582338  ...  0.000841  -5.151657    0.145215
2025-02-07 -0.001287 -5.164845  -0.225172  ...  0.000726  -5.143119    0.124322
2025-02-10  0.001079 -5.338131   0.224632  ...  0.000796  -5.148895    0.137042
2025-02-11  0.000986 -5.511418   0.244026  ...  0.000795  -5.154672    0.137766

[4557 rows x 12 columns]
Training starts at: 2007-01-03 and ends at: 2022-12-30
Testing starts at: 2023-01-03 and ends at: 2025-02-11
SJM Feature Weights:
--------------------------------------------------
ret_2         0.191000
DD-log_2      0.576926
sortino_2     0.265755
ret_5         0.320593
DD-log_5      0.636380
sortino_5     0.394220
ret_20        0.533093
DD-log_20     0.600292
sortino_20    0.593941
ret_60        0.602568
DD-log_60     0.459906
sortino_60    0.644501
dtype: float64
Email sent successfully!
[*********************100%***********************]  1 of 1 completed
Successfully downloaded data for ticker: SPY
Daily returns stored in `data.ret_ser`:
--------------------------------------------------
date
2007-01-03   -0.001765
2007-01-04    0.002122
2007-01-05   -0.007977
2007-01-08    0.004625
2007-01-09   -0.000850
                ...   
2025-02-06    0.003476
2025-02-07   -0.009154
2025-02-10    0.006791
2025-02-11    0.000761
2025-02-12   -0.009615
Name: SPY, Length: 4558, dtype: float64
--------------------------------------------------
Features stored in `data.X`:
--------------------------------------------------
               ret_2  DD-log_2  sortino_2  ...    ret_60  DD-log_60  sortino_60
date                                       ...                                 
2007-01-03 -0.000970 -5.886087  -0.349097  ...  0.000743  -5.638587    0.208957
2007-01-04 -0.000064 -6.059374  -0.027428  ...  0.000759  -5.644363    0.214645
2007-01-05 -0.002382 -5.351141  -0.502153  ...  0.000659  -5.621438    0.182057
2007-01-08 -0.000329 -5.524427  -0.082593  ...  0.000704  -5.627215    0.195771
2007-01-09 -0.000482 -5.688401  -0.142326  ...  0.000687  -5.632667    0.191854
...              ...       ...        ...  ...       ...        ...         ...
2025-02-06  0.001972 -5.688019   0.582338  ...  0.000841  -5.151657    0.145215
2025-02-07 -0.001287 -5.164845  -0.225172  ...  0.000726  -5.143119    0.124322
2025-02-10  0.001079 -5.338131   0.224632  ...  0.000796  -5.148895    0.137041
2025-02-11  0.000986 -5.511418   0.244026  ...  0.000795  -5.154671    0.137766
2025-02-12 -0.002119 -5.080867  -0.340971  ...  0.000676  -5.144583    0.115876

[4558 rows x 12 columns]
Training starts at: 2007-01-03 and ends at: 2022-12-30
Testing starts at: 2023-01-03 and ends at: 2025-02-12
SJM Feature Weights:
--------------------------------------------------
ret_2         0.191000
DD-log_2      0.576927
sortino_2     0.265755
ret_5         0.320593
DD-log_5      0.636381
sortino_5     0.394220
ret_20        0.533092
DD-log_20     0.600291
sortino_20    0.593941
ret_60        0.602568
DD-log_60     0.459907
sortino_60    0.644501
dtype: float64
Email sent successfully!
[*********************100%***********************]  1 of 1 completed
Successfully downloaded data for ticker: SPY
Daily returns stored in `data.ret_ser`:
--------------------------------------------------
date
2007-01-03   -0.001765
2007-01-04    0.002122
2007-01-05   -0.007976
2007-01-08    0.004625
2007-01-09   -0.000850
                ...   
2025-02-07   -0.009154
2025-02-10    0.006791
2025-02-11    0.000761
2025-02-12   -0.003222
2025-02-13    0.001906
Name: SPY, Length: 4559, dtype: float64
--------------------------------------------------
Features stored in `data.X`:
--------------------------------------------------
               ret_2  DD-log_2  sortino_2  ...    ret_60  DD-log_60  sortino_60
date                                       ...                                 
2007-01-03 -0.000970 -5.886090  -0.349112  ...  0.000743  -5.638589    0.208957
2007-01-04 -0.000064 -6.059376  -0.027468  ...  0.000759  -5.644366    0.214644
2007-01-05 -0.002381 -5.351212  -0.502160  ...  0.000659  -5.621446    0.182060
2007-01-08 -0.000329 -5.524498  -0.082558  ...  0.000705  -5.627222    0.195774
2007-01-09 -0.000482 -5.688456  -0.142360  ...  0.000687  -5.632674    0.191855
...              ...       ...        ...  ...       ...        ...         ...
2025-02-07 -0.001287 -5.164845  -0.225172  ...  0.000726  -5.143119    0.124322
2025-02-10  0.001079 -5.338131   0.224632  ...  0.000796  -5.148895    0.137042
2025-02-11  0.000986 -5.511418   0.244026  ...  0.000795  -5.154671    0.137766
2025-02-12 -0.000246 -5.567829  -0.064519  ...  0.000749  -5.158641    0.130289
2025-02-13  0.000384 -5.741116   0.119596  ...  0.000762  -5.164418    0.133369

[4559 rows x 12 columns]
Training starts at: 2007-01-03 and ends at: 2022-12-30
Testing starts at: 2023-01-03 and ends at: 2025-02-13
SJM Feature Weights:
--------------------------------------------------
ret_2         0.191000
DD-log_2      0.576926
sortino_2     0.265754
ret_5         0.320593
DD-log_5      0.636381
sortino_5     0.394220
ret_20        0.533092
DD-log_20     0.600292
sortino_20    0.593941
ret_60        0.602568
DD-log_60     0.459907
sortino_60    0.644501
dtype: float64
Email sent successfully!
[*********************100%***********************]  1 of 1 completed
Successfully downloaded data for ticker: SPY
Daily returns stored in `data.ret_ser`:
--------------------------------------------------
date
2007-01-03   -0.001765
2007-01-04    0.002122
2007-01-05   -0.007976
2007-01-08    0.004625
2007-01-09   -0.000850
                ...   
2025-02-10    0.006791
2025-02-11    0.000761
2025-02-12   -0.003222
2025-02-13    0.010558
2025-02-14    0.000344
Name: SPY, Length: 4560, dtype: float64
--------------------------------------------------
Features stored in `data.X`:
--------------------------------------------------
               ret_2  DD-log_2  sortino_2  ...    ret_60  DD-log_60  sortino_60
date                                       ...                                 
2007-01-03 -0.000970 -5.886095  -0.349116  ...  0.000743  -5.638588    0.208957
2007-01-04 -0.000064 -6.059382  -0.027461  ...  0.000759  -5.644365    0.214644
2007-01-05 -0.002382 -5.351150  -0.502164  ...  0.000659  -5.621441    0.182057
2007-01-08 -0.000329 -5.524436  -0.082577  ...  0.000704  -5.627217    0.195772
2007-01-09 -0.000482 -5.688407  -0.142326  ...  0.000687  -5.632669    0.191854
...              ...       ...        ...  ...       ...        ...         ...
2025-02-10  0.001079 -5.338131   0.224632  ...  0.000796  -5.148895    0.137042
2025-02-11  0.000986 -5.511418   0.244026  ...  0.000795  -5.154671    0.137766
2025-02-12 -0.000246 -5.567829  -0.064519  ...  0.000749  -5.158641    0.130289
2025-02-13  0.002918 -5.741116   0.908703  ...  0.000862  -5.164418    0.150752
2025-02-14  0.002164 -5.914403   0.801487  ...  0.000856  -5.170194    0.150580

[4560 rows x 12 columns]
Training starts at: 2007-01-03 and ends at: 2022-12-30
Testing starts at: 2023-01-03 and ends at: 2025-02-14
SJM Feature Weights:
--------------------------------------------------
ret_2         0.190999
DD-log_2      0.576926
sortino_2     0.265754
ret_5         0.320593
DD-log_5      0.636380
sortino_5     0.394220
ret_20        0.533092
DD-log_20     0.600292
sortino_20    0.593941
ret_60        0.602568
DD-log_60     0.459907
sortino_60    0.644501
dtype: float64
Email sent successfully!
[*********************100%***********************]  1 of 1 completed
Successfully downloaded data for ticker: SPY
Daily returns stored in `data.ret_ser`:
--------------------------------------------------
date
2007-01-03   -0.001765
2007-01-04    0.002122
2007-01-05   -0.007976
2007-01-08    0.004625
2007-01-09   -0.000850
                ...   
2025-02-10    0.006791
2025-02-11    0.000761
2025-02-12   -0.003222
2025-02-13    0.010558
2025-02-14   -0.000049
Name: SPY, Length: 4560, dtype: float64
--------------------------------------------------
Features stored in `data.X`:
--------------------------------------------------
               ret_2  DD-log_2  sortino_2  ...    ret_60  DD-log_60  sortino_60
date                                       ...                                 
2007-01-03 -0.000970 -5.886140  -0.349098  ...  0.000743  -5.638582    0.208956
2007-01-04 -0.000064 -6.059426  -0.027472  ...  0.000759  -5.644359    0.214643
2007-01-05 -0.002381 -5.351212  -0.502166  ...  0.000659  -5.621439    0.182059
2007-01-08 -0.000329 -5.524499  -0.082596  ...  0.000704  -5.627215    0.195771
2007-01-09 -0.000482 -5.688468  -0.142347  ...  0.000687  -5.632667    0.191854
...              ...       ...        ...  ...       ...        ...         ...
2025-02-10  0.001079 -5.338131   0.224632  ...  0.000796  -5.148895    0.137042
2025-02-11  0.000986 -5.511418   0.244026  ...  0.000795  -5.154671    0.137766
2025-02-12 -0.000246 -5.567829  -0.064519  ...  0.000749  -5.158641    0.130289
2025-02-13  0.002918 -5.741116   0.908703  ...  0.000862  -5.164418    0.150752
2025-02-14  0.002049 -5.914355   0.758757  ...  0.000851  -5.170193    0.149784

[4560 rows x 12 columns]
Training starts at: 2007-01-03 and ends at: 2022-12-30
Testing starts at: 2023-01-03 and ends at: 2025-02-14
SJM Feature Weights:
--------------------------------------------------
ret_2         0.191000
DD-log_2      0.576926
sortino_2     0.265755
ret_5         0.320593
DD-log_5      0.636380
sortino_5     0.394220
ret_20        0.533093
DD-log_20     0.600292
sortino_20    0.593941
ret_60        0.602568
DD-log_60     0.459907
sortino_60    0.644501
dtype: float64
Email sent successfully!
[*********************100%***********************]  1 of 1 completed
Successfully downloaded data for ticker: SPY
Daily returns stored in `data.ret_ser`:
--------------------------------------------------
date
2007-01-03   -0.001765
2007-01-04    0.002122
2007-01-05   -0.007976
2007-01-08    0.004625
2007-01-09   -0.000850
                ...   
2025-02-10    0.006791
2025-02-11    0.000761
2025-02-12   -0.003222
2025-02-13    0.010558
2025-02-14   -0.000049
Name: SPY, Length: 4560, dtype: float64
--------------------------------------------------
Features stored in `data.X`:
--------------------------------------------------
               ret_2  DD-log_2  sortino_2  ...    ret_60  DD-log_60  sortino_60
date                                       ...                                 
2007-01-03 -0.000970 -5.886082  -0.349065  ...  0.000743  -5.638590    0.208959
2007-01-04 -0.000064 -6.059368  -0.027489  ...  0.000759  -5.644366    0.214644
2007-01-05 -0.002382 -5.351187  -0.502169  ...  0.000659  -5.621445    0.182059
2007-01-08 -0.000329 -5.524473  -0.082608  ...  0.000704  -5.627221    0.195772
2007-01-09 -0.000482 -5.688441  -0.142361  ...  0.000687  -5.632673    0.191854
...              ...       ...        ...  ...       ...        ...         ...
2025-02-10  0.001079 -5.338131   0.224632  ...  0.000796  -5.148895    0.137042
2025-02-11  0.000986 -5.511418   0.244026  ...  0.000795  -5.154671    0.137766
2025-02-12 -0.000246 -5.567829  -0.064519  ...  0.000749  -5.158641    0.130289
2025-02-13  0.002918 -5.741116   0.908703  ...  0.000862  -5.164418    0.150752
2025-02-14  0.002049 -5.914355   0.758757  ...  0.000851  -5.170193    0.149784

[4560 rows x 12 columns]
Training starts at: 2007-01-03 and ends at: 2022-12-30
Testing starts at: 2023-01-03 and ends at: 2025-02-14
SJM Feature Weights:
--------------------------------------------------
ret_2         0.191000
DD-log_2      0.576925
sortino_2     0.265755
ret_5         0.320593
DD-log_5      0.636380
sortino_5     0.394220
ret_20        0.533093
DD-log_20     0.600292
sortino_20    0.593941
ret_60        0.602568
DD-log_60     0.459906
sortino_60    0.644501
dtype: float64
Email sent successfully!
[*********************100%***********************]  1 of 1 completed
Successfully downloaded data for ticker: SPY
Daily returns stored in `data.ret_ser`:
--------------------------------------------------
date
2007-01-03   -0.001765
2007-01-04    0.002122
2007-01-05   -0.007976
2007-01-08    0.004625
2007-01-09   -0.000850
                ...   
2025-02-10    0.006791
2025-02-11    0.000761
2025-02-12   -0.003222
2025-02-13    0.010558
2025-02-14   -0.000049
Name: SPY, Length: 4560, dtype: float64
--------------------------------------------------
Features stored in `data.X`:
--------------------------------------------------
               ret_2  DD-log_2  sortino_2  ...    ret_60  DD-log_60  sortino_60
date                                       ...                                 
2007-01-03 -0.000970 -5.886082  -0.349092  ...  0.000743  -5.638586    0.208957
2007-01-04 -0.000064 -6.059369  -0.027482  ...  0.000759  -5.644362    0.214643
2007-01-05 -0.002381 -5.351203  -0.502165  ...  0.000659  -5.621442    0.182059
2007-01-08 -0.000329 -5.524489  -0.082599  ...  0.000704  -5.627218    0.195772
2007-01-09 -0.000482 -5.688465  -0.142323  ...  0.000687  -5.632671    0.191855
...              ...       ...        ...  ...       ...        ...         ...
2025-02-10  0.001079 -5.338131   0.224632  ...  0.000796  -5.148895    0.137042
2025-02-11  0.000986 -5.511418   0.244026  ...  0.000795  -5.154671    0.137766
2025-02-12 -0.000246 -5.567829  -0.064519  ...  0.000749  -5.158641    0.130289
2025-02-13  0.002918 -5.741116   0.908703  ...  0.000862  -5.164418    0.150752
2025-02-14  0.002049 -5.914355   0.758757  ...  0.000851  -5.170193    0.149784

[4560 rows x 12 columns]
Training starts at: 2007-01-03 and ends at: 2022-12-30
Testing starts at: 2023-01-03 and ends at: 2025-02-14
SJM Feature Weights:
--------------------------------------------------
ret_2         0.191000
DD-log_2      0.576926
sortino_2     0.265754
ret_5         0.320593
DD-log_5      0.636381
sortino_5     0.394220
ret_20        0.533092
DD-log_20     0.600292
sortino_20    0.593940
ret_60        0.602568
DD-log_60     0.459907
sortino_60    0.644501
dtype: float64
Email sent successfully!
[*********************100%***********************]  1 of 1 completed
Successfully downloaded data for ticker: SPY
Daily returns stored in `data.ret_ser`:
--------------------------------------------------
date
2007-01-03   -0.001765
2007-01-04    0.002122
2007-01-05   -0.007976
2007-01-08    0.004625
2007-01-09   -0.000850
                ...   
2025-02-11    0.000761
2025-02-12   -0.003222
2025-02-13    0.010558
2025-02-14   -0.000049
2025-02-18    0.001534
Name: SPY, Length: 4561, dtype: float64
--------------------------------------------------
Features stored in `data.X`:
--------------------------------------------------
               ret_2  DD-log_2  sortino_2  ...    ret_60  DD-log_60  sortino_60
date                                       ...                                 
2007-01-03 -0.000970 -5.886088  -0.349100  ...  0.000743  -5.638588    0.208957
2007-01-04 -0.000064 -6.059375  -0.027440  ...  0.000759  -5.644364    0.214645
2007-01-05 -0.002382 -5.351157  -0.502155  ...  0.000659  -5.621441    0.182058
2007-01-08 -0.000329 -5.524443  -0.082584  ...  0.000705  -5.627217    0.195772
2007-01-09 -0.000482 -5.688415  -0.142327  ...  0.000687  -5.632669    0.191854
...              ...       ...        ...  ...       ...        ...         ...
2025-02-11  0.000986 -5.511418   0.244026  ...  0.000795  -5.154671    0.137766
2025-02-12 -0.000246 -5.567829  -0.064519  ...  0.000749  -5.158641    0.130289
2025-02-13  0.002918 -5.741116   0.908703  ...  0.000862  -5.164417    0.150752
2025-02-14  0.002049 -5.914355   0.758757  ...  0.000851  -5.170193    0.149784
2025-02-18  0.001898 -6.087641   0.835839  ...  0.000859  -5.175969    0.152039

[4561 rows x 12 columns]
Training starts at: 2007-01-03 and ends at: 2022-12-30
Testing starts at: 2023-01-03 and ends at: 2025-02-18
SJM Feature Weights:
--------------------------------------------------
ret_2         0.191000
DD-log_2      0.576925
sortino_2     0.265755
ret_5         0.320593
DD-log_5      0.636380
sortino_5     0.394220
ret_20        0.533093
DD-log_20     0.600292
sortino_20    0.593941
ret_60        0.602568
DD-log_60     0.459907
sortino_60    0.644502
dtype: float64
Email sent successfully!
[*********************100%***********************]  1 of 1 completed

1 Failed download:
['SPY']: JSONDecodeError('Expecting value: line 1 column 1 (char 0)')
Successfully downloaded data for ticker: SPY
Daily returns stored in `data.ret_ser`:
--------------------------------------------------
Series([], Name: SPY, dtype: float64)
--------------------------------------------------
Features stored in `data.X`:
--------------------------------------------------
Empty DataFrame
Columns: [ret_2, DD-log_2, sortino_2, ret_5, DD-log_5, sortino_5, ret_20, DD-log_20, sortino_20, ret_60, DD-log_60, sortino_60]
Index: []
Traceback (most recent call last):
  File "/home/yp1065/jump-models/examples/nasdaq/example.py", line 95, in <module>
    train_start, train_end = X_train.index[[0, -1]]
                             ~~~~~~~~~~~~~^^^^^^^^^
  File "/home/yp1065/.conda/envs/jumpmodel/lib/python3.12/site-packages/pandas/core/indexes/base.py", line 5416, in __getitem__
    result = getitem(key)
             ^^^^^^^^^^^^
IndexError: index 0 is out of bounds for axis 0 with size 0
[*********************100%***********************]  1 of 1 completed

1 Failed download:
['SPY']: JSONDecodeError('Expecting value: line 1 column 1 (char 0)')
Successfully downloaded data for ticker: SPY
Daily returns stored in `data.ret_ser`:
--------------------------------------------------
Series([], Name: SPY, dtype: float64)
--------------------------------------------------
Features stored in `data.X`:
--------------------------------------------------
Empty DataFrame
Columns: [ret_2, DD-log_2, sortino_2, ret_5, DD-log_5, sortino_5, ret_20, DD-log_20, sortino_20, ret_60, DD-log_60, sortino_60]
Index: []
Traceback (most recent call last):
  File "/home/yp1065/jump-models/examples/nasdaq/example.py", line 95, in <module>
    train_start, train_end = X_train.index[[0, -1]]
                             ~~~~~~~~~~~~~^^^^^^^^^
  File "/home/yp1065/.conda/envs/jumpmodel/lib/python3.12/site-packages/pandas/core/indexes/base.py", line 5416, in __getitem__
    result = getitem(key)
             ^^^^^^^^^^^^
IndexError: index 0 is out of bounds for axis 0 with size 0
[*********************100%***********************]  1 of 1 completed

1 Failed download:
['SPY']: JSONDecodeError('Expecting value: line 1 column 1 (char 0)')
Successfully downloaded data for ticker: SPY
Daily returns stored in `data.ret_ser`:
--------------------------------------------------
Series([], Name: SPY, dtype: float64)
--------------------------------------------------
Features stored in `data.X`:
--------------------------------------------------
Empty DataFrame
Columns: [ret_2, DD-log_2, sortino_2, ret_5, DD-log_5, sortino_5, ret_20, DD-log_20, sortino_20, ret_60, DD-log_60, sortino_60]
Index: []
Traceback (most recent call last):
  File "/home/yp1065/jump-models/examples/nasdaq/example.py", line 95, in <module>
    train_start, train_end = X_train.index[[0, -1]]
                             ~~~~~~~~~~~~~^^^^^^^^^
  File "/home/yp1065/.conda/envs/jumpmodel/lib/python3.12/site-packages/pandas/core/indexes/base.py", line 5416, in __getitem__
    result = getitem(key)
             ^^^^^^^^^^^^
IndexError: index 0 is out of bounds for axis 0 with size 0
[*********************100%***********************]  1 of 1 completed

1 Failed download:
['SPY']: JSONDecodeError('Expecting value: line 1 column 1 (char 0)')
Successfully downloaded data for ticker: SPY
Daily returns stored in `data.ret_ser`:
--------------------------------------------------
Series([], Name: SPY, dtype: float64)
--------------------------------------------------
Features stored in `data.X`:
--------------------------------------------------
Empty DataFrame
Columns: [ret_2, DD-log_2, sortino_2, ret_5, DD-log_5, sortino_5, ret_20, DD-log_20, sortino_20, ret_60, DD-log_60, sortino_60]
Index: []
Traceback (most recent call last):
  File "/home/yp1065/jump-models/examples/nasdaq/example.py", line 95, in <module>
    train_start, train_end = X_train.index[[0, -1]]
                             ~~~~~~~~~~~~~^^^^^^^^^
  File "/home/yp1065/.conda/envs/jumpmodel/lib/python3.12/site-packages/pandas/core/indexes/base.py", line 5416, in __getitem__
    result = getitem(key)
             ^^^^^^^^^^^^
IndexError: index 0 is out of bounds for axis 0 with size 0
[*********************100%***********************]  1 of 1 completed

1 Failed download:
['SPY']: JSONDecodeError('Expecting value: line 1 column 1 (char 0)')
Successfully downloaded data for ticker: SPY
Daily returns stored in `data.ret_ser`:
--------------------------------------------------
Series([], Name: SPY, dtype: float64)
--------------------------------------------------
Features stored in `data.X`:
--------------------------------------------------
Empty DataFrame
Columns: [ret_2, DD-log_2, sortino_2, ret_5, DD-log_5, sortino_5, ret_20, DD-log_20, sortino_20, ret_60, DD-log_60, sortino_60]
Index: []
Traceback (most recent call last):
  File "/home/yp1065/jump-models/examples/nasdaq/example.py", line 95, in <module>
    train_start, train_end = X_train.index[[0, -1]]
                             ~~~~~~~~~~~~~^^^^^^^^^
  File "/home/yp1065/.conda/envs/jumpmodel/lib/python3.12/site-packages/pandas/core/indexes/base.py", line 5416, in __getitem__
    result = getitem(key)
             ^^^^^^^^^^^^
IndexError: index 0 is out of bounds for axis 0 with size 0
[*********************100%***********************]  1 of 1 completed

1 Failed download:
['SPY']: JSONDecodeError('Expecting value: line 1 column 1 (char 0)')
Successfully downloaded data for ticker: SPY
Daily returns stored in `data.ret_ser`:
--------------------------------------------------
Series([], Name: SPY, dtype: float64)
--------------------------------------------------
Features stored in `data.X`:
--------------------------------------------------
Empty DataFrame
Columns: [ret_2, DD-log_2, sortino_2, ret_5, DD-log_5, sortino_5, ret_20, DD-log_20, sortino_20, ret_60, DD-log_60, sortino_60]
Index: []
Traceback (most recent call last):
  File "/home/yp1065/jump-models/examples/nasdaq/example.py", line 95, in <module>
    train_start, train_end = X_train.index[[0, -1]]
                             ~~~~~~~~~~~~~^^^^^^^^^
  File "/home/yp1065/.conda/envs/jumpmodel/lib/python3.12/site-packages/pandas/core/indexes/base.py", line 5416, in __getitem__
    result = getitem(key)
             ^^^^^^^^^^^^
IndexError: index 0 is out of bounds for axis 0 with size 0
[*********************100%***********************]  1 of 1 completed

1 Failed download:
['SPY']: JSONDecodeError('Expecting value: line 1 column 1 (char 0)')
Successfully downloaded data for ticker: SPY
Daily returns stored in `data.ret_ser`:
--------------------------------------------------
Series([], Name: SPY, dtype: float64)
--------------------------------------------------
Features stored in `data.X`:
--------------------------------------------------
Empty DataFrame
Columns: [ret_2, DD-log_2, sortino_2, ret_5, DD-log_5, sortino_5, ret_20, DD-log_20, sortino_20, ret_60, DD-log_60, sortino_60]
Index: []
Traceback (most recent call last):
  File "/home/yp1065/jump-models/examples/nasdaq/example.py", line 95, in <module>
    train_start, train_end = X_train.index[[0, -1]]
                             ~~~~~~~~~~~~~^^^^^^^^^
  File "/home/yp1065/.conda/envs/jumpmodel/lib/python3.12/site-packages/pandas/core/indexes/base.py", line 5416, in __getitem__
    result = getitem(key)
             ^^^^^^^^^^^^
IndexError: index 0 is out of bounds for axis 0 with size 0
[*********************100%***********************]  1 of 1 completed

1 Failed download:
['SPY']: JSONDecodeError('Expecting value: line 1 column 1 (char 0)')
Successfully downloaded data for ticker: SPY
Daily returns stored in `data.ret_ser`:
--------------------------------------------------
Series([], Name: SPY, dtype: float64)
--------------------------------------------------
Features stored in `data.X`:
--------------------------------------------------
Empty DataFrame
Columns: [ret_2, DD-log_2, sortino_2, ret_5, DD-log_5, sortino_5, ret_20, DD-log_20, sortino_20, ret_60, DD-log_60, sortino_60]
Index: []
Traceback (most recent call last):
  File "/home/yp1065/jump-models/examples/nasdaq/example.py", line 95, in <module>
    train_start, train_end = X_train.index[[0, -1]]
                             ~~~~~~~~~~~~~^^^^^^^^^
  File "/home/yp1065/.conda/envs/jumpmodel/lib/python3.12/site-packages/pandas/core/indexes/base.py", line 5416, in __getitem__
    result = getitem(key)
             ^^^^^^^^^^^^
IndexError: index 0 is out of bounds for axis 0 with size 0
[*********************100%***********************]  1 of 1 completed

1 Failed download:
['SPY']: JSONDecodeError('Expecting value: line 1 column 1 (char 0)')
Successfully downloaded data for ticker: SPY
Daily returns stored in `data.ret_ser`:
--------------------------------------------------
Series([], Name: SPY, dtype: float64)
--------------------------------------------------
Features stored in `data.X`:
--------------------------------------------------
Empty DataFrame
Columns: [ret_2, DD-log_2, sortino_2, ret_5, DD-log_5, sortino_5, ret_20, DD-log_20, sortino_20, ret_60, DD-log_60, sortino_60]
Index: []
Traceback (most recent call last):
  File "/home/yp1065/jump-models/examples/nasdaq/example.py", line 95, in <module>
    train_start, train_end = X_train.index[[0, -1]]
                             ~~~~~~~~~~~~~^^^^^^^^^
  File "/home/yp1065/.conda/envs/jumpmodel/lib/python3.12/site-packages/pandas/core/indexes/base.py", line 5416, in __getitem__
    result = getitem(key)
             ^^^^^^^^^^^^
IndexError: index 0 is out of bounds for axis 0 with size 0
[*********************100%***********************]  1 of 1 completed

1 Failed download:
['SPY']: JSONDecodeError('Expecting value: line 1 column 1 (char 0)')
Successfully downloaded data for ticker: SPY
Daily returns stored in `data.ret_ser`:
--------------------------------------------------
Series([], Name: SPY, dtype: float64)
--------------------------------------------------
Features stored in `data.X`:
--------------------------------------------------
Empty DataFrame
Columns: [ret_2, DD-log_2, sortino_2, ret_5, DD-log_5, sortino_5, ret_20, DD-log_20, sortino_20, ret_60, DD-log_60, sortino_60]
Index: []
Traceback (most recent call last):
  File "/home/yp1065/jump-models/examples/nasdaq/example.py", line 95, in <module>
    train_start, train_end = X_train.index[[0, -1]]
                             ~~~~~~~~~~~~~^^^^^^^^^
  File "/home/yp1065/.conda/envs/jumpmodel/lib/python3.12/site-packages/pandas/core/indexes/base.py", line 5416, in __getitem__
    result = getitem(key)
             ^^^^^^^^^^^^
IndexError: index 0 is out of bounds for axis 0 with size 0
[*********************100%***********************]  1 of 1 completed

1 Failed download:
['SPY']: JSONDecodeError('Expecting value: line 1 column 1 (char 0)')
Successfully downloaded data for ticker: SPY
Daily returns stored in `data.ret_ser`:
--------------------------------------------------
Series([], Name: SPY, dtype: float64)
--------------------------------------------------
Features stored in `data.X`:
--------------------------------------------------
Empty DataFrame
Columns: [ret_2, DD-log_2, sortino_2, ret_5, DD-log_5, sortino_5, ret_20, DD-log_20, sortino_20, ret_60, DD-log_60, sortino_60]
Index: []
Traceback (most recent call last):
  File "/home/yp1065/jump-models/examples/nasdaq/example.py", line 95, in <module>
    train_start, train_end = X_train.index[[0, -1]]
                             ~~~~~~~~~~~~~^^^^^^^^^
  File "/home/yp1065/.conda/envs/jumpmodel/lib/python3.12/site-packages/pandas/core/indexes/base.py", line 5416, in __getitem__
    result = getitem(key)
             ^^^^^^^^^^^^
IndexError: index 0 is out of bounds for axis 0 with size 0
[*********************100%***********************]  1 of 1 completed

1 Failed download:
['SPY']: JSONDecodeError('Expecting value: line 1 column 1 (char 0)')
Successfully downloaded data for ticker: SPY
Daily returns stored in `data.ret_ser`:
--------------------------------------------------
Series([], Name: SPY, dtype: float64)
--------------------------------------------------
Features stored in `data.X`:
--------------------------------------------------
Empty DataFrame
Columns: [ret_2, DD-log_2, sortino_2, ret_5, DD-log_5, sortino_5, ret_20, DD-log_20, sortino_20, ret_60, DD-log_60, sortino_60]
Index: []
Traceback (most recent call last):
  File "/home/yp1065/jump-models/examples/nasdaq/example.py", line 95, in <module>
    train_start, train_end = X_train.index[[0, -1]]
                             ~~~~~~~~~~~~~^^^^^^^^^
  File "/home/yp1065/.conda/envs/jumpmodel/lib/python3.12/site-packages/pandas/core/indexes/base.py", line 5416, in __getitem__
    result = getitem(key)
             ^^^^^^^^^^^^
IndexError: index 0 is out of bounds for axis 0 with size 0
[*********************100%***********************]  1 of 1 completed

1 Failed download:
['SPY']: JSONDecodeError('Expecting value: line 1 column 1 (char 0)')
Successfully downloaded data for ticker: SPY
Daily returns stored in `data.ret_ser`:
--------------------------------------------------
Series([], Name: SPY, dtype: float64)
--------------------------------------------------
Features stored in `data.X`:
--------------------------------------------------
Empty DataFrame
Columns: [ret_2, DD-log_2, sortino_2, ret_5, DD-log_5, sortino_5, ret_20, DD-log_20, sortino_20, ret_60, DD-log_60, sortino_60]
Index: []
Traceback (most recent call last):
  File "/home/yp1065/jump-models/examples/nasdaq/example.py", line 95, in <module>
    train_start, train_end = X_train.index[[0, -1]]
                             ~~~~~~~~~~~~~^^^^^^^^^
  File "/home/yp1065/.conda/envs/jumpmodel/lib/python3.12/site-packages/pandas/core/indexes/base.py", line 5416, in __getitem__
    result = getitem(key)
             ^^^^^^^^^^^^
IndexError: index 0 is out of bounds for axis 0 with size 0
[*********************100%***********************]  1 of 1 completed

1 Failed download:
['SPY']: JSONDecodeError('Expecting value: line 1 column 1 (char 0)')
Successfully downloaded data for ticker: SPY
Daily returns stored in `data.ret_ser`:
--------------------------------------------------
Series([], Name: SPY, dtype: float64)
--------------------------------------------------
Features stored in `data.X`:
--------------------------------------------------
Empty DataFrame
Columns: [ret_2, DD-log_2, sortino_2, ret_5, DD-log_5, sortino_5, ret_20, DD-log_20, sortino_20, ret_60, DD-log_60, sortino_60]
Index: []
Traceback (most recent call last):
  File "/home/yp1065/jump-models/examples/nasdaq/example.py", line 95, in <module>
    train_start, train_end = X_train.index[[0, -1]]
                             ~~~~~~~~~~~~~^^^^^^^^^
  File "/home/yp1065/.conda/envs/jumpmodel/lib/python3.12/site-packages/pandas/core/indexes/base.py", line 5416, in __getitem__
    result = getitem(key)
             ^^^^^^^^^^^^
IndexError: index 0 is out of bounds for axis 0 with size 0
[*********************100%***********************]  1 of 1 completed

1 Failed download:
['SPY']: JSONDecodeError('Expecting value: line 1 column 1 (char 0)')
Successfully downloaded data for ticker: SPY
Daily returns stored in `data.ret_ser`:
--------------------------------------------------
Series([], Name: SPY, dtype: float64)
--------------------------------------------------
Features stored in `data.X`:
--------------------------------------------------
Empty DataFrame
Columns: [ret_2, DD-log_2, sortino_2, ret_5, DD-log_5, sortino_5, ret_20, DD-log_20, sortino_20, ret_60, DD-log_60, sortino_60]
Index: []
Traceback (most recent call last):
  File "/home/yp1065/jump-models/examples/nasdaq/example.py", line 95, in <module>
    train_start, train_end = X_train.index[[0, -1]]
                             ~~~~~~~~~~~~~^^^^^^^^^
  File "/home/yp1065/.conda/envs/jumpmodel/lib/python3.12/site-packages/pandas/core/indexes/base.py", line 5416, in __getitem__
    result = getitem(key)
             ^^^^^^^^^^^^
IndexError: index 0 is out of bounds for axis 0 with size 0
[*********************100%***********************]  1 of 1 completed

1 Failed download:
['SPY']: JSONDecodeError('Expecting value: line 1 column 1 (char 0)')
Successfully downloaded data for ticker: SPY
Daily returns stored in `data.ret_ser`:
--------------------------------------------------
Series([], Name: SPY, dtype: float64)
--------------------------------------------------
Features stored in `data.X`:
--------------------------------------------------
Empty DataFrame
Columns: [ret_2, DD-log_2, sortino_2, ret_5, DD-log_5, sortino_5, ret_20, DD-log_20, sortino_20, ret_60, DD-log_60, sortino_60]
Index: []
Traceback (most recent call last):
  File "/home/yp1065/jump-models/examples/nasdaq/example.py", line 95, in <module>
    train_start, train_end = X_train.index[[0, -1]]
                             ~~~~~~~~~~~~~^^^^^^^^^
  File "/home/yp1065/.conda/envs/jumpmodel/lib/python3.12/site-packages/pandas/core/indexes/base.py", line 5416, in __getitem__
    result = getitem(key)
             ^^^^^^^^^^^^
IndexError: index 0 is out of bounds for axis 0 with size 0
[*********************100%***********************]  1 of 1 completed

1 Failed download:
['SPY']: JSONDecodeError('Expecting value: line 1 column 1 (char 0)')
Successfully downloaded data for ticker: SPY
Daily returns stored in `data.ret_ser`:
--------------------------------------------------
Series([], Name: SPY, dtype: float64)
--------------------------------------------------
Features stored in `data.X`:
--------------------------------------------------
Empty DataFrame
Columns: [ret_2, DD-log_2, sortino_2, ret_5, DD-log_5, sortino_5, ret_20, DD-log_20, sortino_20, ret_60, DD-log_60, sortino_60]
Index: []
Traceback (most recent call last):
  File "/home/yp1065/jump-models/examples/nasdaq/example.py", line 95, in <module>
    train_start, train_end = X_train.index[[0, -1]]
                             ~~~~~~~~~~~~~^^^^^^^^^
  File "/home/yp1065/.conda/envs/jumpmodel/lib/python3.12/site-packages/pandas/core/indexes/base.py", line 5416, in __getitem__
    result = getitem(key)
             ^^^^^^^^^^^^
IndexError: index 0 is out of bounds for axis 0 with size 0
[*********************100%***********************]  1 of 1 completed

1 Failed download:
['SPY']: JSONDecodeError('Expecting value: line 1 column 1 (char 0)')
Successfully downloaded data for ticker: SPY
Daily returns stored in `data.ret_ser`:
--------------------------------------------------
Series([], Name: SPY, dtype: float64)
--------------------------------------------------
Features stored in `data.X`:
--------------------------------------------------
Empty DataFrame
Columns: [ret_2, DD-log_2, sortino_2, ret_5, DD-log_5, sortino_5, ret_20, DD-log_20, sortino_20, ret_60, DD-log_60, sortino_60]
Index: []
Traceback (most recent call last):
  File "/home/yp1065/jump-models/examples/nasdaq/example.py", line 95, in <module>
    train_start, train_end = X_train.index[[0, -1]]
                             ~~~~~~~~~~~~~^^^^^^^^^
  File "/home/yp1065/.conda/envs/jumpmodel/lib/python3.12/site-packages/pandas/core/indexes/base.py", line 5416, in __getitem__
    result = getitem(key)
             ^^^^^^^^^^^^
IndexError: index 0 is out of bounds for axis 0 with size 0
[*********************100%***********************]  1 of 1 completed

1 Failed download:
['SPY']: JSONDecodeError('Expecting value: line 1 column 1 (char 0)')
Successfully downloaded data for ticker: SPY
Daily returns stored in `data.ret_ser`:
--------------------------------------------------
Series([], Name: SPY, dtype: float64)
--------------------------------------------------
Features stored in `data.X`:
--------------------------------------------------
Empty DataFrame
Columns: [ret_2, DD-log_2, sortino_2, ret_5, DD-log_5, sortino_5, ret_20, DD-log_20, sortino_20, ret_60, DD-log_60, sortino_60]
Index: []
Traceback (most recent call last):
  File "/home/yp1065/jump-models/examples/nasdaq/example.py", line 95, in <module>
    train_start, train_end = X_train.index[[0, -1]]
                             ~~~~~~~~~~~~~^^^^^^^^^
  File "/home/yp1065/.conda/envs/jumpmodel/lib/python3.12/site-packages/pandas/core/indexes/base.py", line 5416, in __getitem__
    result = getitem(key)
             ^^^^^^^^^^^^
IndexError: index 0 is out of bounds for axis 0 with size 0
[*********************100%***********************]  1 of 1 completed

1 Failed download:
['SPY']: JSONDecodeError('Expecting value: line 1 column 1 (char 0)')
Successfully downloaded data for ticker: SPY
Daily returns stored in `data.ret_ser`:
--------------------------------------------------
Series([], Name: SPY, dtype: float64)
--------------------------------------------------
Features stored in `data.X`:
--------------------------------------------------
Empty DataFrame
Columns: [ret_2, DD-log_2, sortino_2, ret_5, DD-log_5, sortino_5, ret_20, DD-log_20, sortino_20, ret_60, DD-log_60, sortino_60]
Index: []
Traceback (most recent call last):
  File "/home/yp1065/jump-models/examples/nasdaq/example.py", line 95, in <module>
    train_start, train_end = X_train.index[[0, -1]]
                             ~~~~~~~~~~~~~^^^^^^^^^
  File "/home/yp1065/.conda/envs/jumpmodel/lib/python3.12/site-packages/pandas/core/indexes/base.py", line 5416, in __getitem__
    result = getitem(key)
             ^^^^^^^^^^^^
IndexError: index 0 is out of bounds for axis 0 with size 0
[*********************100%***********************]  1 of 1 completed

1 Failed download:
['SPY']: JSONDecodeError('Expecting value: line 1 column 1 (char 0)')
Successfully downloaded data for ticker: SPY
Daily returns stored in `data.ret_ser`:
--------------------------------------------------
Series([], Name: SPY, dtype: float64)
--------------------------------------------------
Features stored in `data.X`:
--------------------------------------------------
Empty DataFrame
Columns: [ret_2, DD-log_2, sortino_2, ret_5, DD-log_5, sortino_5, ret_20, DD-log_20, sortino_20, ret_60, DD-log_60, sortino_60]
Index: []
Traceback (most recent call last):
  File "/home/yp1065/jump-models/examples/nasdaq/example.py", line 95, in <module>
    train_start, train_end = X_train.index[[0, -1]]
                             ~~~~~~~~~~~~~^^^^^^^^^
  File "/home/yp1065/.conda/envs/jumpmodel/lib/python3.12/site-packages/pandas/core/indexes/base.py", line 5416, in __getitem__
    result = getitem(key)
             ^^^^^^^^^^^^
IndexError: index 0 is out of bounds for axis 0 with size 0
[*********************100%***********************]  1 of 1 completed

1 Failed download:
['SPY']: JSONDecodeError('Expecting value: line 1 column 1 (char 0)')
Successfully downloaded data for ticker: SPY
Daily returns stored in `data.ret_ser`:
--------------------------------------------------
Series([], Name: SPY, dtype: float64)
--------------------------------------------------
Features stored in `data.X`:
--------------------------------------------------
Empty DataFrame
Columns: [ret_2, DD-log_2, sortino_2, ret_5, DD-log_5, sortino_5, ret_20, DD-log_20, sortino_20, ret_60, DD-log_60, sortino_60]
Index: []
Traceback (most recent call last):
  File "/home/yp1065/jump-models/examples/nasdaq/example.py", line 95, in <module>
    train_start, train_end = X_train.index[[0, -1]]
                             ~~~~~~~~~~~~~^^^^^^^^^
  File "/home/yp1065/.conda/envs/jumpmodel/lib/python3.12/site-packages/pandas/core/indexes/base.py", line 5416, in __getitem__
    result = getitem(key)
             ^^^^^^^^^^^^
IndexError: index 0 is out of bounds for axis 0 with size 0
[*********************100%***********************]  1 of 1 completed

1 Failed download:
['SPY']: JSONDecodeError('Expecting value: line 1 column 1 (char 0)')
Successfully downloaded data for ticker: SPY
Daily returns stored in `data.ret_ser`:
--------------------------------------------------
Series([], Name: SPY, dtype: float64)
--------------------------------------------------
Features stored in `data.X`:
--------------------------------------------------
Empty DataFrame
Columns: [ret_2, DD-log_2, sortino_2, ret_5, DD-log_5, sortino_5, ret_20, DD-log_20, sortino_20, ret_60, DD-log_60, sortino_60]
Index: []
Traceback (most recent call last):
  File "/home/yp1065/jump-models/examples/nasdaq/example.py", line 95, in <module>
    train_start, train_end = X_train.index[[0, -1]]
                             ~~~~~~~~~~~~~^^^^^^^^^
  File "/home/yp1065/.conda/envs/jumpmodel/lib/python3.12/site-packages/pandas/core/indexes/base.py", line 5416, in __getitem__
    result = getitem(key)
             ^^^^^^^^^^^^
IndexError: index 0 is out of bounds for axis 0 with size 0
[*********************100%***********************]  1 of 1 completed

1 Failed download:
['SPY']: JSONDecodeError('Expecting value: line 1 column 1 (char 0)')
Successfully downloaded data for ticker: SPY
Daily returns stored in `data.ret_ser`:
--------------------------------------------------
Series([], Name: SPY, dtype: float64)
--------------------------------------------------
Features stored in `data.X`:
--------------------------------------------------
Empty DataFrame
Columns: [ret_2, DD-log_2, sortino_2, ret_5, DD-log_5, sortino_5, ret_20, DD-log_20, sortino_20, ret_60, DD-log_60, sortino_60]
Index: []
Traceback (most recent call last):
  File "/home/yp1065/jump-models/examples/nasdaq/example.py", line 95, in <module>
    train_start, train_end = X_train.index[[0, -1]]
                             ~~~~~~~~~~~~~^^^^^^^^^
  File "/home/yp1065/.conda/envs/jumpmodel/lib/python3.12/site-packages/pandas/core/indexes/base.py", line 5416, in __getitem__
    result = getitem(key)
             ^^^^^^^^^^^^
IndexError: index 0 is out of bounds for axis 0 with size 0
[*********************100%***********************]  1 of 1 completed

1 Failed download:
['SPY']: JSONDecodeError('Expecting value: line 1 column 1 (char 0)')
Successfully downloaded data for ticker: SPY
Daily returns stored in `data.ret_ser`:
--------------------------------------------------
Series([], Name: SPY, dtype: float64)
--------------------------------------------------
Features stored in `data.X`:
--------------------------------------------------
Empty DataFrame
Columns: [ret_2, DD-log_2, sortino_2, ret_5, DD-log_5, sortino_5, ret_20, DD-log_20, sortino_20, ret_60, DD-log_60, sortino_60]
Index: []
Traceback (most recent call last):
  File "/home/yp1065/jump-models/examples/nasdaq/example.py", line 95, in <module>
    train_start, train_end = X_train.index[[0, -1]]
                             ~~~~~~~~~~~~~^^^^^^^^^
  File "/home/yp1065/.conda/envs/jumpmodel/lib/python3.12/site-packages/pandas/core/indexes/base.py", line 5416, in __getitem__
    result = getitem(key)
             ^^^^^^^^^^^^
IndexError: index 0 is out of bounds for axis 0 with size 0
[*********************100%***********************]  1 of 1 completed

1 Failed download:
['SPY']: JSONDecodeError('Expecting value: line 1 column 1 (char 0)')
Successfully downloaded data for ticker: SPY
Daily returns stored in `data.ret_ser`:
--------------------------------------------------
Series([], Name: SPY, dtype: float64)
--------------------------------------------------
Features stored in `data.X`:
--------------------------------------------------
Empty DataFrame
Columns: [ret_2, DD-log_2, sortino_2, ret_5, DD-log_5, sortino_5, ret_20, DD-log_20, sortino_20, ret_60, DD-log_60, sortino_60]
Index: []
Traceback (most recent call last):
  File "/home/yp1065/jump-models/examples/nasdaq/example.py", line 95, in <module>
    train_start, train_end = X_train.index[[0, -1]]
                             ~~~~~~~~~~~~~^^^^^^^^^
  File "/home/yp1065/.conda/envs/jumpmodel/lib/python3.12/site-packages/pandas/core/indexes/base.py", line 5416, in __getitem__
    result = getitem(key)
             ^^^^^^^^^^^^
IndexError: index 0 is out of bounds for axis 0 with size 0
[*********************100%***********************]  1 of 1 completed

1 Failed download:
['SPY']: JSONDecodeError('Expecting value: line 1 column 1 (char 0)')
Successfully downloaded data for ticker: SPY
Daily returns stored in `data.ret_ser`:
--------------------------------------------------
Series([], Name: SPY, dtype: float64)
--------------------------------------------------
Features stored in `data.X`:
--------------------------------------------------
Empty DataFrame
Columns: [ret_2, DD-log_2, sortino_2, ret_5, DD-log_5, sortino_5, ret_20, DD-log_20, sortino_20, ret_60, DD-log_60, sortino_60]
Index: []
Traceback (most recent call last):
  File "/home/yp1065/jump-models/examples/nasdaq/example.py", line 95, in <module>
    train_start, train_end = X_train.index[[0, -1]]
                             ~~~~~~~~~~~~~^^^^^^^^^
  File "/home/yp1065/.conda/envs/jumpmodel/lib/python3.12/site-packages/pandas/core/indexes/base.py", line 5416, in __getitem__
    result = getitem(key)
             ^^^^^^^^^^^^
IndexError: index 0 is out of bounds for axis 0 with size 0
